index,utterance,reaction
parrot,頭全体痛い,頭の痛みですね？
parrot,頭全体痛み,頭の痛みですね？
parrot,頭全体痛む,頭の痛みですね？
parrot,頭全体ズキズキする,頭の痛みですね？
parrot,頭全体ジンジンする,頭の痛みですね？
parrot,頭全体痺れる,頭の痛みですね？
parrot,頭全体痺れ,頭の痛みですね？
parrot,頭全体動かない,頭の痛みですね？
parrot,頭全体腫れて,頭の痛みですね？
parrot,頭全体締め付けられる,頭の痛みですね？
parrot,頭全体痛み,頭の痛みですね？
parrot,頭全体痺れ,頭の痛みですね？
parrot,頭全体腫れ,頭の痛みですね？
parrot,頭全体締め付け,頭の痛みですね？
parrot,頭全体違和感,頭の痛みですね？
parrot,頭右痛い,頭の痛みですね？
parrot,頭右痛み,頭の痛みですね？
parrot,頭右痛む,頭の痛みですね？
parrot,頭右ズキズキする,頭の痛みですね？
parrot,頭右ジンジンする,頭の痛みですね？
parrot,頭右痺れる,頭の痛みですね？
parrot,頭右痺れ,頭の痛みですね？
parrot,頭右動かない,頭の痛みですね？
parrot,頭右腫れて,頭の痛みですね？
parrot,頭右締め付けられる,頭の痛みですね？
parrot,頭右痛み,頭の痛みですね？
parrot,頭右痺れ,頭の痛みですね？
parrot,頭右腫れ,頭の痛みですね？
parrot,頭右締め付け,頭の痛みですね？
parrot,頭右違和感,頭の痛みですね？
parrot,頭左痛い,頭の痛みですね？
parrot,頭左痛み,頭の痛みですね？
parrot,頭左痛む,頭の痛みですね？
parrot,頭左ズキズキする,頭の痛みですね？
parrot,頭左ジンジンする,頭の痛みですね？
parrot,頭左痺れる,頭の痛みですね？
parrot,頭左痺れ,頭の痛みですね？
parrot,頭左動かない,頭の痛みですね？
parrot,頭左腫れて,頭の痛みですね？
parrot,頭左締め付けられる,頭の痛みですね？
parrot,頭左痛み,頭の痛みですね？
parrot,頭左痺れ,頭の痛みですね？
parrot,頭左腫れ,頭の痛みですね？
parrot,頭左締め付け,頭の痛みですね？
parrot,頭左違和感,頭の痛みですね？
parrot,頭上痛い,頭の痛みですね？
parrot,頭上痛み,頭の痛みですね？
parrot,頭上痛む,頭の痛みですね？
parrot,頭上ズキズキする,頭の痛みですね？
parrot,頭上ジンジンする,頭の痛みですね？
parrot,頭上痺れる,頭の痛みですね？
parrot,頭上痺れ,頭の痛みですね？
parrot,頭上動かない,頭の痛みですね？
parrot,頭上腫れて,頭の痛みですね？
parrot,頭上締め付けられる,頭の痛みですね？
parrot,頭上痛み,頭の痛みですね？
parrot,頭上痺れ,頭の痛みですね？
parrot,頭上腫れ,頭の痛みですね？
parrot,頭上締め付け,頭の痛みですね？
parrot,頭上違和感,頭の痛みですね？
parrot,頭下痛い,頭の痛みですね？
parrot,頭下痛み,頭の痛みですね？
parrot,頭下痛む,頭の痛みですね？
parrot,頭下ズキズキする,頭の痛みですね？
parrot,頭下ジンジンする,頭の痛みですね？
parrot,頭下痺れる,頭の痛みですね？
parrot,頭下痺れ,頭の痛みですね？
parrot,頭下動かない,頭の痛みですね？
parrot,頭下腫れて,頭の痛みですね？
parrot,頭下締め付けられる,頭の痛みですね？
parrot,頭下痛み,頭の痛みですね？
parrot,頭下痺れ,頭の痛みですね？
parrot,頭下腫れ,頭の痛みですね？
parrot,頭下締め付け,頭の痛みですね？
parrot,頭下違和感,頭の痛みですね？
parrot,あたま全体痛い,頭の痛みですね？
parrot,あたま全体痛み,頭の痛みですね？
parrot,あたま全体痛む,頭の痛みですね？
parrot,あたま全体ズキズキする,頭の痛みですね？
parrot,あたま全体ジンジンする,頭の痛みですね？
parrot,あたま全体痺れる,頭の痛みですね？
parrot,あたま全体痺れ,頭の痛みですね？
parrot,あたま全体動かない,頭の痛みですね？
parrot,あたま全体腫れて,頭の痛みですね？
parrot,あたま全体締め付けられる,頭の痛みですね？
parrot,あたま全体痛み,頭の痛みですね？
parrot,あたま全体痺れ,頭の痛みですね？
parrot,あたま全体腫れ,頭の痛みですね？
parrot,あたま全体締め付け,頭の痛みですね？
parrot,あたま全体違和感,頭の痛みですね？
parrot,あたま右痛い,頭の痛みですね？
parrot,あたま右痛み,頭の痛みですね？
parrot,あたま右痛む,頭の痛みですね？
parrot,あたま右ズキズキする,頭の痛みですね？
parrot,あたま右ジンジンする,頭の痛みですね？
parrot,あたま右痺れる,頭の痛みですね？
parrot,あたま右痺れ,頭の痛みですね？
parrot,あたま右動かない,頭の痛みですね？
parrot,あたま右腫れて,頭の痛みですね？
parrot,あたま右締め付けられる,頭の痛みですね？
parrot,あたま右痛み,頭の痛みですね？
parrot,あたま右痺れ,頭の痛みですね？
parrot,あたま右腫れ,頭の痛みですね？
parrot,あたま右締め付け,頭の痛みですね？
parrot,あたま右違和感,頭の痛みですね？
parrot,あたま左痛い,頭の痛みですね？
parrot,あたま左痛み,頭の痛みですね？
parrot,あたま左痛む,頭の痛みですね？
parrot,あたま左ズキズキする,頭の痛みですね？
parrot,あたま左ジンジンする,頭の痛みですね？
parrot,あたま左痺れる,頭の痛みですね？
parrot,あたま左痺れ,頭の痛みですね？
parrot,あたま左動かない,頭の痛みですね？
parrot,あたま左腫れて,頭の痛みですね？
parrot,あたま左締め付けられる,頭の痛みですね？
parrot,あたま左痛み,頭の痛みですね？
parrot,あたま左痺れ,頭の痛みですね？
parrot,あたま左腫れ,頭の痛みですね？
parrot,あたま左締め付け,頭の痛みですね？
parrot,あたま左違和感,頭の痛みですね？
parrot,あたま上痛い,頭の痛みですね？
parrot,あたま上痛み,頭の痛みですね？
parrot,あたま上痛む,頭の痛みですね？
parrot,あたま上ズキズキする,頭の痛みですね？
parrot,あたま上ジンジンする,頭の痛みですね？
parrot,あたま上痺れる,頭の痛みですね？
parrot,あたま上痺れ,頭の痛みですね？
parrot,あたま上動かない,頭の痛みですね？
parrot,あたま上腫れて,頭の痛みですね？
parrot,あたま上締め付けられる,頭の痛みですね？
parrot,あたま上痛み,頭の痛みですね？
parrot,あたま上痺れ,頭の痛みですね？
parrot,あたま上腫れ,頭の痛みですね？
parrot,あたま上締め付け,頭の痛みですね？
parrot,あたま上違和感,頭の痛みですね？
parrot,あたま下痛い,頭の痛みですね？
parrot,あたま下痛み,頭の痛みですね？
parrot,あたま下痛む,頭の痛みですね？
parrot,あたま下ズキズキする,頭の痛みですね？
parrot,あたま下ジンジンする,頭の痛みですね？
parrot,あたま下痺れる,頭の痛みですね？
parrot,あたま下痺れ,頭の痛みですね？
parrot,あたま下動かない,頭の痛みですね？
parrot,あたま下腫れて,頭の痛みですね？
parrot,あたま下締め付けられる,頭の痛みですね？
parrot,あたま下痛み,頭の痛みですね？
parrot,あたま下痺れ,頭の痛みですね？
parrot,あたま下腫れ,頭の痛みですね？
parrot,あたま下締め付け,頭の痛みですね？
parrot,あたま下違和感,頭の痛みですね？
parrot,頭部全体痛い,頭の痛みですね？
parrot,頭部全体痛み,頭の痛みですね？
parrot,頭部全体痛む,頭の痛みですね？
parrot,頭部全体ズキズキする,頭の痛みですね？
parrot,頭部全体ジンジンする,頭の痛みですね？
parrot,頭部全体痺れる,頭の痛みですね？
parrot,頭部全体痺れ,頭の痛みですね？
parrot,頭部全体動かない,頭の痛みですね？
parrot,頭部全体腫れて,頭の痛みですね？
parrot,頭部全体締め付けられる,頭の痛みですね？
parrot,頭部全体痛み,頭の痛みですね？
parrot,頭部全体痺れ,頭の痛みですね？
parrot,頭部全体腫れ,頭の痛みですね？
parrot,頭部全体締め付け,頭の痛みですね？
parrot,頭部全体違和感,頭の痛みですね？
parrot,頭部右痛い,頭の痛みですね？
parrot,頭部右痛み,頭の痛みですね？
parrot,頭部右痛む,頭の痛みですね？
parrot,頭部右ズキズキする,頭の痛みですね？
parrot,頭部右ジンジンする,頭の痛みですね？
parrot,頭部右痺れる,頭の痛みですね？
parrot,頭部右痺れ,頭の痛みですね？
parrot,頭部右動かない,頭の痛みですね？
parrot,頭部右腫れて,頭の痛みですね？
parrot,頭部右締め付けられる,頭の痛みですね？
parrot,頭部右痛み,頭の痛みですね？
parrot,頭部右痺れ,頭の痛みですね？
parrot,頭部右腫れ,頭の痛みですね？
parrot,頭部右締め付け,頭の痛みですね？
parrot,頭部右違和感,頭の痛みですね？
parrot,頭部左痛い,頭の痛みですね？
parrot,頭部左痛み,頭の痛みですね？
parrot,頭部左痛む,頭の痛みですね？
parrot,頭部左ズキズキする,頭の痛みですね？
parrot,頭部左ジンジンする,頭の痛みですね？
parrot,頭部左痺れる,頭の痛みですね？
parrot,頭部左痺れ,頭の痛みですね？
parrot,頭部左動かない,頭の痛みですね？
parrot,頭部左腫れて,頭の痛みですね？
parrot,頭部左締め付けられる,頭の痛みですね？
parrot,頭部左痛み,頭の痛みですね？
parrot,頭部左痺れ,頭の痛みですね？
parrot,頭部左腫れ,頭の痛みですね？
parrot,頭部左締め付け,頭の痛みですね？
parrot,頭部左違和感,頭の痛みですね？
parrot,頭部上痛い,頭の痛みですね？
parrot,頭部上痛み,頭の痛みですね？
parrot,頭部上痛む,頭の痛みですね？
parrot,頭部上ズキズキする,頭の痛みですね？
parrot,頭部上ジンジンする,頭の痛みですね？
parrot,頭部上痺れる,頭の痛みですね？
parrot,頭部上痺れ,頭の痛みですね？
parrot,頭部上動かない,頭の痛みですね？
parrot,頭部上腫れて,頭の痛みですね？
parrot,頭部上締め付けられる,頭の痛みですね？
parrot,頭部上痛み,頭の痛みですね？
parrot,頭部上痺れ,頭の痛みですね？
parrot,頭部上腫れ,頭の痛みですね？
parrot,頭部上締め付け,頭の痛みですね？
parrot,頭部上違和感,頭の痛みですね？
parrot,頭部下痛い,頭の痛みですね？
parrot,頭部下痛み,頭の痛みですね？
parrot,頭部下痛む,頭の痛みですね？
parrot,頭部下ズキズキする,頭の痛みですね？
parrot,頭部下ジンジンする,頭の痛みですね？
parrot,頭部下痺れる,頭の痛みですね？
parrot,頭部下痺れ,頭の痛みですね？
parrot,頭部下動かない,頭の痛みですね？
parrot,頭部下腫れて,頭の痛みですね？
parrot,頭部下締め付けられる,頭の痛みですね？
parrot,頭部下痛み,頭の痛みですね？
parrot,頭部下痺れ,頭の痛みですね？
parrot,頭部下腫れ,頭の痛みですね？
parrot,頭部下締め付け,頭の痛みですね？
parrot,頭部下違和感,頭の痛みですね？
parrot,後頭部全体痛い,頭の痛みですね？
parrot,後頭部全体痛み,頭の痛みですね？
parrot,後頭部全体痛む,頭の痛みですね？
parrot,後頭部全体ズキズキする,頭の痛みですね？
parrot,後頭部全体ジンジンする,頭の痛みですね？
parrot,後頭部全体痺れる,頭の痛みですね？
parrot,後頭部全体痺れ,頭の痛みですね？
parrot,後頭部全体動かない,頭の痛みですね？
parrot,後頭部全体腫れて,頭の痛みですね？
parrot,後頭部全体締め付けられる,頭の痛みですね？
parrot,後頭部全体痛み,頭の痛みですね？
parrot,後頭部全体痺れ,頭の痛みですね？
parrot,後頭部全体腫れ,頭の痛みですね？
parrot,後頭部全体締め付け,頭の痛みですね？
parrot,後頭部全体違和感,頭の痛みですね？
parrot,後頭部右痛い,頭の痛みですね？
parrot,後頭部右痛み,頭の痛みですね？
parrot,後頭部右痛む,頭の痛みですね？
parrot,後頭部右ズキズキする,頭の痛みですね？
parrot,後頭部右ジンジンする,頭の痛みですね？
parrot,後頭部右痺れる,頭の痛みですね？
parrot,後頭部右痺れ,頭の痛みですね？
parrot,後頭部右動かない,頭の痛みですね？
parrot,後頭部右腫れて,頭の痛みですね？
parrot,後頭部右締め付けられる,頭の痛みですね？
parrot,後頭部右痛み,頭の痛みですね？
parrot,後頭部右痺れ,頭の痛みですね？
parrot,後頭部右腫れ,頭の痛みですね？
parrot,後頭部右締め付け,頭の痛みですね？
parrot,後頭部右違和感,頭の痛みですね？
parrot,後頭部左痛い,頭の痛みですね？
parrot,後頭部左痛み,頭の痛みですね？
parrot,後頭部左痛む,頭の痛みですね？
parrot,後頭部左ズキズキする,頭の痛みですね？
parrot,後頭部左ジンジンする,頭の痛みですね？
parrot,後頭部左痺れる,頭の痛みですね？
parrot,後頭部左痺れ,頭の痛みですね？
parrot,後頭部左動かない,頭の痛みですね？
parrot,後頭部左腫れて,頭の痛みですね？
parrot,後頭部左締め付けられる,頭の痛みですね？
parrot,後頭部左痛み,頭の痛みですね？
parrot,後頭部左痺れ,頭の痛みですね？
parrot,後頭部左腫れ,頭の痛みですね？
parrot,後頭部左締め付け,頭の痛みですね？
parrot,後頭部左違和感,頭の痛みですね？
parrot,後頭部上痛い,頭の痛みですね？
parrot,後頭部上痛み,頭の痛みですね？
parrot,後頭部上痛む,頭の痛みですね？
parrot,後頭部上ズキズキする,頭の痛みですね？
parrot,後頭部上ジンジンする,頭の痛みですね？
parrot,後頭部上痺れる,頭の痛みですね？
parrot,後頭部上痺れ,頭の痛みですね？
parrot,後頭部上動かない,頭の痛みですね？
parrot,後頭部上腫れて,頭の痛みですね？
parrot,後頭部上締め付けられる,頭の痛みですね？
parrot,後頭部上痛み,頭の痛みですね？
parrot,後頭部上痺れ,頭の痛みですね？
parrot,後頭部上腫れ,頭の痛みですね？
parrot,後頭部上締め付け,頭の痛みですね？
parrot,後頭部上違和感,頭の痛みですね？
parrot,後頭部下痛い,頭の痛みですね？
parrot,後頭部下痛み,頭の痛みですね？
parrot,後頭部下痛む,頭の痛みですね？
parrot,後頭部下ズキズキする,頭の痛みですね？
parrot,後頭部下ジンジンする,頭の痛みですね？
parrot,後頭部下痺れる,頭の痛みですね？
parrot,後頭部下痺れ,頭の痛みですね？
parrot,後頭部下動かない,頭の痛みですね？
parrot,後頭部下腫れて,頭の痛みですね？
parrot,後頭部下締め付けられる,頭の痛みですね？
parrot,後頭部下痛み,頭の痛みですね？
parrot,後頭部下痺れ,頭の痛みですね？
parrot,後頭部下腫れ,頭の痛みですね？
parrot,後頭部下締め付け,頭の痛みですね？
parrot,後頭部下違和感,頭の痛みですね？
parrot,頭頂部全体痛い,頭の痛みですね？
parrot,頭頂部全体痛み,頭の痛みですね？
parrot,頭頂部全体痛む,頭の痛みですね？
parrot,頭頂部全体ズキズキする,頭の痛みですね？
parrot,頭頂部全体ジンジンする,頭の痛みですね？
parrot,頭頂部全体痺れる,頭の痛みですね？
parrot,頭頂部全体痺れ,頭の痛みですね？
parrot,頭頂部全体動かない,頭の痛みですね？
parrot,頭頂部全体腫れて,頭の痛みですね？
parrot,頭頂部全体締め付けられる,頭の痛みですね？
parrot,頭頂部全体痛み,頭の痛みですね？
parrot,頭頂部全体痺れ,頭の痛みですね？
parrot,頭頂部全体腫れ,頭の痛みですね？
parrot,頭頂部全体締め付け,頭の痛みですね？
parrot,頭頂部全体違和感,頭の痛みですね？
parrot,頭頂部右痛い,頭の痛みですね？
parrot,頭頂部右痛み,頭の痛みですね？
parrot,頭頂部右痛む,頭の痛みですね？
parrot,頭頂部右ズキズキする,頭の痛みですね？
parrot,頭頂部右ジンジンする,頭の痛みですね？
parrot,頭頂部右痺れる,頭の痛みですね？
parrot,頭頂部右痺れ,頭の痛みですね？
parrot,頭頂部右動かない,頭の痛みですね？
parrot,頭頂部右腫れて,頭の痛みですね？
parrot,頭頂部右締め付けられる,頭の痛みですね？
parrot,頭頂部右痛み,頭の痛みですね？
parrot,頭頂部右痺れ,頭の痛みですね？
parrot,頭頂部右腫れ,頭の痛みですね？
parrot,頭頂部右締め付け,頭の痛みですね？
parrot,頭頂部右違和感,頭の痛みですね？
parrot,頭頂部左痛い,頭の痛みですね？
parrot,頭頂部左痛み,頭の痛みですね？
parrot,頭頂部左痛む,頭の痛みですね？
parrot,頭頂部左ズキズキする,頭の痛みですね？
parrot,頭頂部左ジンジンする,頭の痛みですね？
parrot,頭頂部左痺れる,頭の痛みですね？
parrot,頭頂部左痺れ,頭の痛みですね？
parrot,頭頂部左動かない,頭の痛みですね？
parrot,頭頂部左腫れて,頭の痛みですね？
parrot,頭頂部左締め付けられる,頭の痛みですね？
parrot,頭頂部左痛み,頭の痛みですね？
parrot,頭頂部左痺れ,頭の痛みですね？
parrot,頭頂部左腫れ,頭の痛みですね？
parrot,頭頂部左締め付け,頭の痛みですね？
parrot,頭頂部左違和感,頭の痛みですね？
parrot,頭頂部上痛い,頭の痛みですね？
parrot,頭頂部上痛み,頭の痛みですね？
parrot,頭頂部上痛む,頭の痛みですね？
parrot,頭頂部上ズキズキする,頭の痛みですね？
parrot,頭頂部上ジンジンする,頭の痛みですね？
parrot,頭頂部上痺れる,頭の痛みですね？
parrot,頭頂部上痺れ,頭の痛みですね？
parrot,頭頂部上動かない,頭の痛みですね？
parrot,頭頂部上腫れて,頭の痛みですね？
parrot,頭頂部上締め付けられる,頭の痛みですね？
parrot,頭頂部上痛み,頭の痛みですね？
parrot,頭頂部上痺れ,頭の痛みですね？
parrot,頭頂部上腫れ,頭の痛みですね？
parrot,頭頂部上締め付け,頭の痛みですね？
parrot,頭頂部上違和感,頭の痛みですね？
parrot,頭頂部下痛い,頭の痛みですね？
parrot,頭頂部下痛み,頭の痛みですね？
parrot,頭頂部下痛む,頭の痛みですね？
parrot,頭頂部下ズキズキする,頭の痛みですね？
parrot,頭頂部下ジンジンする,頭の痛みですね？
parrot,頭頂部下痺れる,頭の痛みですね？
parrot,頭頂部下痺れ,頭の痛みですね？
parrot,頭頂部下動かない,頭の痛みですね？
parrot,頭頂部下腫れて,頭の痛みですね？
parrot,頭頂部下締め付けられる,頭の痛みですね？
parrot,頭頂部下痛み,頭の痛みですね？
parrot,頭頂部下痺れ,頭の痛みですね？
parrot,頭頂部下腫れ,頭の痛みですね？
parrot,頭頂部下締め付け,頭の痛みですね？
parrot,頭頂部下違和感,頭の痛みですね？
parrot,前頭部全体痛い,頭の痛みですね？
parrot,前頭部全体痛み,頭の痛みですね？
parrot,前頭部全体痛む,頭の痛みですね？
parrot,前頭部全体ズキズキする,頭の痛みですね？
parrot,前頭部全体ジンジンする,頭の痛みですね？
parrot,前頭部全体痺れる,頭の痛みですね？
parrot,前頭部全体痺れ,頭の痛みですね？
parrot,前頭部全体動かない,頭の痛みですね？
parrot,前頭部全体腫れて,頭の痛みですね？
parrot,前頭部全体締め付けられる,頭の痛みですね？
parrot,前頭部全体痛み,頭の痛みですね？
parrot,前頭部全体痺れ,頭の痛みですね？
parrot,前頭部全体腫れ,頭の痛みですね？
parrot,前頭部全体締め付け,頭の痛みですね？
parrot,前頭部全体違和感,頭の痛みですね？
parrot,前頭部右痛い,頭の痛みですね？
parrot,前頭部右痛み,頭の痛みですね？
parrot,前頭部右痛む,頭の痛みですね？
parrot,前頭部右ズキズキする,頭の痛みですね？
parrot,前頭部右ジンジンする,頭の痛みですね？
parrot,前頭部右痺れる,頭の痛みですね？
parrot,前頭部右痺れ,頭の痛みですね？
parrot,前頭部右動かない,頭の痛みですね？
parrot,前頭部右腫れて,頭の痛みですね？
parrot,前頭部右締め付けられる,頭の痛みですね？
parrot,前頭部右痛み,頭の痛みですね？
parrot,前頭部右痺れ,頭の痛みですね？
parrot,前頭部右腫れ,頭の痛みですね？
parrot,前頭部右締め付け,頭の痛みですね？
parrot,前頭部右違和感,頭の痛みですね？
parrot,前頭部左痛い,頭の痛みですね？
parrot,前頭部左痛み,頭の痛みですね？
parrot,前頭部左痛む,頭の痛みですね？
parrot,前頭部左ズキズキする,頭の痛みですね？
parrot,前頭部左ジンジンする,頭の痛みですね？
parrot,前頭部左痺れる,頭の痛みですね？
parrot,前頭部左痺れ,頭の痛みですね？
parrot,前頭部左動かない,頭の痛みですね？
parrot,前頭部左腫れて,頭の痛みですね？
parrot,前頭部左締め付けられる,頭の痛みですね？
parrot,前頭部左痛み,頭の痛みですね？
parrot,前頭部左痺れ,頭の痛みですね？
parrot,前頭部左腫れ,頭の痛みですね？
parrot,前頭部左締め付け,頭の痛みですね？
parrot,前頭部左違和感,頭の痛みですね？
parrot,前頭部上痛い,頭の痛みですね？
parrot,前頭部上痛み,頭の痛みですね？
parrot,前頭部上痛む,頭の痛みですね？
parrot,前頭部上ズキズキする,頭の痛みですね？
parrot,前頭部上ジンジンする,頭の痛みですね？
parrot,前頭部上痺れる,頭の痛みですね？
parrot,前頭部上痺れ,頭の痛みですね？
parrot,前頭部上動かない,頭の痛みですね？
parrot,前頭部上腫れて,頭の痛みですね？
parrot,前頭部上締め付けられる,頭の痛みですね？
parrot,前頭部上痛み,頭の痛みですね？
parrot,前頭部上痺れ,頭の痛みですね？
parrot,前頭部上腫れ,頭の痛みですね？
parrot,前頭部上締め付け,頭の痛みですね？
parrot,前頭部上違和感,頭の痛みですね？
parrot,前頭部下痛い,頭の痛みですね？
parrot,前頭部下痛み,頭の痛みですね？
parrot,前頭部下痛む,頭の痛みですね？
parrot,前頭部下ズキズキする,頭の痛みですね？
parrot,前頭部下ジンジンする,頭の痛みですね？
parrot,前頭部下痺れる,頭の痛みですね？
parrot,前頭部下痺れ,頭の痛みですね？
parrot,前頭部下動かない,頭の痛みですね？
parrot,前頭部下腫れて,頭の痛みですね？
parrot,前頭部下締め付けられる,頭の痛みですね？
parrot,前頭部下痛み,頭の痛みですね？
parrot,前頭部下痺れ,頭の痛みですね？
parrot,前頭部下腫れ,頭の痛みですね？
parrot,前頭部下締め付け,頭の痛みですね？
parrot,前頭部下違和感,頭の痛みですね？
parrot,側頭部全体痛い,頭の痛みですね？
parrot,側頭部全体痛み,頭の痛みですね？
parrot,側頭部全体痛む,頭の痛みですね？
parrot,側頭部全体ズキズキする,頭の痛みですね？
parrot,側頭部全体ジンジンする,頭の痛みですね？
parrot,側頭部全体痺れる,頭の痛みですね？
parrot,側頭部全体痺れ,頭の痛みですね？
parrot,側頭部全体動かない,頭の痛みですね？
parrot,側頭部全体腫れて,頭の痛みですね？
parrot,側頭部全体締め付けられる,頭の痛みですね？
parrot,側頭部全体痛み,頭の痛みですね？
parrot,側頭部全体痺れ,頭の痛みですね？
parrot,側頭部全体腫れ,頭の痛みですね？
parrot,側頭部全体締め付け,頭の痛みですね？
parrot,側頭部全体違和感,頭の痛みですね？
parrot,側頭部右痛い,頭の痛みですね？
parrot,側頭部右痛み,頭の痛みですね？
parrot,側頭部右痛む,頭の痛みですね？
parrot,側頭部右ズキズキする,頭の痛みですね？
parrot,側頭部右ジンジンする,頭の痛みですね？
parrot,側頭部右痺れる,頭の痛みですね？
parrot,側頭部右痺れ,頭の痛みですね？
parrot,側頭部右動かない,頭の痛みですね？
parrot,側頭部右腫れて,頭の痛みですね？
parrot,側頭部右締め付けられる,頭の痛みですね？
parrot,側頭部右痛み,頭の痛みですね？
parrot,側頭部右痺れ,頭の痛みですね？
parrot,側頭部右腫れ,頭の痛みですね？
parrot,側頭部右締め付け,頭の痛みですね？
parrot,側頭部右違和感,頭の痛みですね？
parrot,側頭部左痛い,頭の痛みですね？
parrot,側頭部左痛み,頭の痛みですね？
parrot,側頭部左痛む,頭の痛みですね？
parrot,側頭部左ズキズキする,頭の痛みですね？
parrot,側頭部左ジンジンする,頭の痛みですね？
parrot,側頭部左痺れる,頭の痛みですね？
parrot,側頭部左痺れ,頭の痛みですね？
parrot,側頭部左動かない,頭の痛みですね？
parrot,側頭部左腫れて,頭の痛みですね？
parrot,側頭部左締め付けられる,頭の痛みですね？
parrot,側頭部左痛み,頭の痛みですね？
parrot,側頭部左痺れ,頭の痛みですね？
parrot,側頭部左腫れ,頭の痛みですね？
parrot,側頭部左締め付け,頭の痛みですね？
parrot,側頭部左違和感,頭の痛みですね？
parrot,側頭部上痛い,頭の痛みですね？
parrot,側頭部上痛み,頭の痛みですね？
parrot,側頭部上痛む,頭の痛みですね？
parrot,側頭部上ズキズキする,頭の痛みですね？
parrot,側頭部上ジンジンする,頭の痛みですね？
parrot,側頭部上痺れる,頭の痛みですね？
parrot,側頭部上痺れ,頭の痛みですね？
parrot,側頭部上動かない,頭の痛みですね？
parrot,側頭部上腫れて,頭の痛みですね？
parrot,側頭部上締め付けられる,頭の痛みですね？
parrot,側頭部上痛み,頭の痛みですね？
parrot,側頭部上痺れ,頭の痛みですね？
parrot,側頭部上腫れ,頭の痛みですね？
parrot,側頭部上締め付け,頭の痛みですね？
parrot,側頭部上違和感,頭の痛みですね？
parrot,側頭部下痛い,頭の痛みですね？
parrot,側頭部下痛み,頭の痛みですね？
parrot,側頭部下痛む,頭の痛みですね？
parrot,側頭部下ズキズキする,頭の痛みですね？
parrot,側頭部下ジンジンする,頭の痛みですね？
parrot,側頭部下痺れる,頭の痛みですね？
parrot,側頭部下痺れ,頭の痛みですね？
parrot,側頭部下動かない,頭の痛みですね？
parrot,側頭部下腫れて,頭の痛みですね？
parrot,側頭部下締め付けられる,頭の痛みですね？
parrot,側頭部下痛み,頭の痛みですね？
parrot,側頭部下痺れ,頭の痛みですね？
parrot,側頭部下腫れ,頭の痛みですね？
parrot,側頭部下締め付け,頭の痛みですね？
parrot,側頭部下違和感,頭の痛みですね？
parrot,こめかみ全体痛い,頭の痛みですね？
parrot,こめかみ全体痛み,頭の痛みですね？
parrot,こめかみ全体痛む,頭の痛みですね？
parrot,こめかみ全体ズキズキする,頭の痛みですね？
parrot,こめかみ全体ジンジンする,頭の痛みですね？
parrot,こめかみ全体痺れる,頭の痛みですね？
parrot,こめかみ全体痺れ,頭の痛みですね？
parrot,こめかみ全体動かない,頭の痛みですね？
parrot,こめかみ全体腫れて,頭の痛みですね？
parrot,こめかみ全体締め付けられる,頭の痛みですね？
parrot,こめかみ全体痛み,頭の痛みですね？
parrot,こめかみ全体痺れ,頭の痛みですね？
parrot,こめかみ全体腫れ,頭の痛みですね？
parrot,こめかみ全体締め付け,頭の痛みですね？
parrot,こめかみ全体違和感,頭の痛みですね？
parrot,こめかみ右痛い,頭の痛みですね？
parrot,こめかみ右痛み,頭の痛みですね？
parrot,こめかみ右痛む,頭の痛みですね？
parrot,こめかみ右ズキズキする,頭の痛みですね？
parrot,こめかみ右ジンジンする,頭の痛みですね？
parrot,こめかみ右痺れる,頭の痛みですね？
parrot,こめかみ右痺れ,頭の痛みですね？
parrot,こめかみ右動かない,頭の痛みですね？
parrot,こめかみ右腫れて,頭の痛みですね？
parrot,こめかみ右締め付けられる,頭の痛みですね？
parrot,こめかみ右痛み,頭の痛みですね？
parrot,こめかみ右痺れ,頭の痛みですね？
parrot,こめかみ右腫れ,頭の痛みですね？
parrot,こめかみ右締め付け,頭の痛みですね？
parrot,こめかみ右違和感,頭の痛みですね？
parrot,こめかみ左痛い,頭の痛みですね？
parrot,こめかみ左痛み,頭の痛みですね？
parrot,こめかみ左痛む,頭の痛みですね？
parrot,こめかみ左ズキズキする,頭の痛みですね？
parrot,こめかみ左ジンジンする,頭の痛みですね？
parrot,こめかみ左痺れる,頭の痛みですね？
parrot,こめかみ左痺れ,頭の痛みですね？
parrot,こめかみ左動かない,頭の痛みですね？
parrot,こめかみ左腫れて,頭の痛みですね？
parrot,こめかみ左締め付けられる,頭の痛みですね？
parrot,こめかみ左痛み,頭の痛みですね？
parrot,こめかみ左痺れ,頭の痛みですね？
parrot,こめかみ左腫れ,頭の痛みですね？
parrot,こめかみ左締め付け,頭の痛みですね？
parrot,こめかみ左違和感,頭の痛みですね？
parrot,こめかみ上痛い,頭の痛みですね？
parrot,こめかみ上痛み,頭の痛みですね？
parrot,こめかみ上痛む,頭の痛みですね？
parrot,こめかみ上ズキズキする,頭の痛みですね？
parrot,こめかみ上ジンジンする,頭の痛みですね？
parrot,こめかみ上痺れる,頭の痛みですね？
parrot,こめかみ上痺れ,頭の痛みですね？
parrot,こめかみ上動かない,頭の痛みですね？
parrot,こめかみ上腫れて,頭の痛みですね？
parrot,こめかみ上締め付けられる,頭の痛みですね？
parrot,こめかみ上痛み,頭の痛みですね？
parrot,こめかみ上痺れ,頭の痛みですね？
parrot,こめかみ上腫れ,頭の痛みですね？
parrot,こめかみ上締め付け,頭の痛みですね？
parrot,こめかみ上違和感,頭の痛みですね？
parrot,こめかみ下痛い,頭の痛みですね？
parrot,こめかみ下痛み,頭の痛みですね？
parrot,こめかみ下痛む,頭の痛みですね？
parrot,こめかみ下ズキズキする,頭の痛みですね？
parrot,こめかみ下ジンジンする,頭の痛みですね？
parrot,こめかみ下痺れる,頭の痛みですね？
parrot,こめかみ下痺れ,頭の痛みですね？
parrot,こめかみ下動かない,頭の痛みですね？
parrot,こめかみ下腫れて,頭の痛みですね？
parrot,こめかみ下締め付けられる,頭の痛みですね？
parrot,こめかみ下痛み,頭の痛みですね？
parrot,こめかみ下痺れ,頭の痛みですね？
parrot,こめかみ下腫れ,頭の痛みですね？
parrot,こめかみ下締め付け,頭の痛みですね？
parrot,こめかみ下違和感,頭の痛みですね？
parrot,おなか全体痛い,お腹の痛みですね？
parrot,おなか全体痛み,お腹の痛みですね？
parrot,おなか全体痛む,お腹の痛みですね？
parrot,おなか全体ズキズキする,お腹の痛みですね？
parrot,おなか全体ジンジンする,お腹の痛みですね？
parrot,おなか全体痺れる,お腹の痛みですね？
parrot,おなか全体痺れ,お腹の痛みですね？
parrot,おなか全体動かない,お腹の痛みですね？
parrot,おなか全体腫れて,お腹の痛みですね？
parrot,おなか全体締め付けられる,お腹の痛みですね？
parrot,おなか全体痛み,お腹の痛みですね？
parrot,おなか全体痺れ,お腹の痛みですね？
parrot,おなか全体腫れ,お腹の痛みですね？
parrot,おなか全体締め付け,お腹の痛みですね？
parrot,おなか全体違和感,お腹の痛みですね？
parrot,おなか右痛い,お腹の痛みですね？
parrot,おなか右痛み,お腹の痛みですね？
parrot,おなか右痛む,お腹の痛みですね？
parrot,おなか右ズキズキする,お腹の痛みですね？
parrot,おなか右ジンジンする,お腹の痛みですね？
parrot,おなか右痺れる,お腹の痛みですね？
parrot,おなか右痺れ,お腹の痛みですね？
parrot,おなか右動かない,お腹の痛みですね？
parrot,おなか右腫れて,お腹の痛みですね？
parrot,おなか右締め付けられる,お腹の痛みですね？
parrot,おなか右痛み,お腹の痛みですね？
parrot,おなか右痺れ,お腹の痛みですね？
parrot,おなか右腫れ,お腹の痛みですね？
parrot,おなか右締め付け,お腹の痛みですね？
parrot,おなか右違和感,お腹の痛みですね？
parrot,おなか左痛い,お腹の痛みですね？
parrot,おなか左痛み,お腹の痛みですね？
parrot,おなか左痛む,お腹の痛みですね？
parrot,おなか左ズキズキする,お腹の痛みですね？
parrot,おなか左ジンジンする,お腹の痛みですね？
parrot,おなか左痺れる,お腹の痛みですね？
parrot,おなか左痺れ,お腹の痛みですね？
parrot,おなか左動かない,お腹の痛みですね？
parrot,おなか左腫れて,お腹の痛みですね？
parrot,おなか左締め付けられる,お腹の痛みですね？
parrot,おなか左痛み,お腹の痛みですね？
parrot,おなか左痺れ,お腹の痛みですね？
parrot,おなか左腫れ,お腹の痛みですね？
parrot,おなか左締め付け,お腹の痛みですね？
parrot,おなか左違和感,お腹の痛みですね？
parrot,おなか上痛い,お腹の痛みですね？
parrot,おなか上痛み,お腹の痛みですね？
parrot,おなか上痛む,お腹の痛みですね？
parrot,おなか上ズキズキする,お腹の痛みですね？
parrot,おなか上ジンジンする,お腹の痛みですね？
parrot,おなか上痺れる,お腹の痛みですね？
parrot,おなか上痺れ,お腹の痛みですね？
parrot,おなか上動かない,お腹の痛みですね？
parrot,おなか上腫れて,お腹の痛みですね？
parrot,おなか上締め付けられる,お腹の痛みですね？
parrot,おなか上痛み,お腹の痛みですね？
parrot,おなか上痺れ,お腹の痛みですね？
parrot,おなか上腫れ,お腹の痛みですね？
parrot,おなか上締め付け,お腹の痛みですね？
parrot,おなか上違和感,お腹の痛みですね？
parrot,おなか下痛い,お腹の痛みですね？
parrot,おなか下痛み,お腹の痛みですね？
parrot,おなか下痛む,お腹の痛みですね？
parrot,おなか下ズキズキする,お腹の痛みですね？
parrot,おなか下ジンジンする,お腹の痛みですね？
parrot,おなか下痺れる,お腹の痛みですね？
parrot,おなか下痺れ,お腹の痛みですね？
parrot,おなか下動かない,お腹の痛みですね？
parrot,おなか下腫れて,お腹の痛みですね？
parrot,おなか下締め付けられる,お腹の痛みですね？
parrot,おなか下痛み,お腹の痛みですね？
parrot,おなか下痺れ,お腹の痛みですね？
parrot,おなか下腫れ,お腹の痛みですね？
parrot,おなか下締め付け,お腹の痛みですね？
parrot,おなか下違和感,お腹の痛みですね？
parrot,お腹全体痛い,お腹の痛みですね？
parrot,お腹全体痛み,お腹の痛みですね？
parrot,お腹全体痛む,お腹の痛みですね？
parrot,お腹全体ズキズキする,お腹の痛みですね？
parrot,お腹全体ジンジンする,お腹の痛みですね？
parrot,お腹全体痺れる,お腹の痛みですね？
parrot,お腹全体痺れ,お腹の痛みですね？
parrot,お腹全体動かない,お腹の痛みですね？
parrot,お腹全体腫れて,お腹の痛みですね？
parrot,お腹全体締め付けられる,お腹の痛みですね？
parrot,お腹全体痛み,お腹の痛みですね？
parrot,お腹全体痺れ,お腹の痛みですね？
parrot,お腹全体腫れ,お腹の痛みですね？
parrot,お腹全体締め付け,お腹の痛みですね？
parrot,お腹全体違和感,お腹の痛みですね？
parrot,お腹右痛い,お腹の痛みですね？
parrot,お腹右痛み,お腹の痛みですね？
parrot,お腹右痛む,お腹の痛みですね？
parrot,お腹右ズキズキする,お腹の痛みですね？
parrot,お腹右ジンジンする,お腹の痛みですね？
parrot,お腹右痺れる,お腹の痛みですね？
parrot,お腹右痺れ,お腹の痛みですね？
parrot,お腹右動かない,お腹の痛みですね？
parrot,お腹右腫れて,お腹の痛みですね？
parrot,お腹右締め付けられる,お腹の痛みですね？
parrot,お腹右痛み,お腹の痛みですね？
parrot,お腹右痺れ,お腹の痛みですね？
parrot,お腹右腫れ,お腹の痛みですね？
parrot,お腹右締め付け,お腹の痛みですね？
parrot,お腹右違和感,お腹の痛みですね？
parrot,お腹左痛い,お腹の痛みですね？
parrot,お腹左痛み,お腹の痛みですね？
parrot,お腹左痛む,お腹の痛みですね？
parrot,お腹左ズキズキする,お腹の痛みですね？
parrot,お腹左ジンジンする,お腹の痛みですね？
parrot,お腹左痺れる,お腹の痛みですね？
parrot,お腹左痺れ,お腹の痛みですね？
parrot,お腹左動かない,お腹の痛みですね？
parrot,お腹左腫れて,お腹の痛みですね？
parrot,お腹左締め付けられる,お腹の痛みですね？
parrot,お腹左痛み,お腹の痛みですね？
parrot,お腹左痺れ,お腹の痛みですね？
parrot,お腹左腫れ,お腹の痛みですね？
parrot,お腹左締め付け,お腹の痛みですね？
parrot,お腹左違和感,お腹の痛みですね？
parrot,お腹上痛い,お腹の痛みですね？
parrot,お腹上痛み,お腹の痛みですね？
parrot,お腹上痛む,お腹の痛みですね？
parrot,お腹上ズキズキする,お腹の痛みですね？
parrot,お腹上ジンジンする,お腹の痛みですね？
parrot,お腹上痺れる,お腹の痛みですね？
parrot,お腹上痺れ,お腹の痛みですね？
parrot,お腹上動かない,お腹の痛みですね？
parrot,お腹上腫れて,お腹の痛みですね？
parrot,お腹上締め付けられる,お腹の痛みですね？
parrot,お腹上痛み,お腹の痛みですね？
parrot,お腹上痺れ,お腹の痛みですね？
parrot,お腹上腫れ,お腹の痛みですね？
parrot,お腹上締め付け,お腹の痛みですね？
parrot,お腹上違和感,お腹の痛みですね？
parrot,お腹下痛い,お腹の痛みですね？
parrot,お腹下痛み,お腹の痛みですね？
parrot,お腹下痛む,お腹の痛みですね？
parrot,お腹下ズキズキする,お腹の痛みですね？
parrot,お腹下ジンジンする,お腹の痛みですね？
parrot,お腹下痺れる,お腹の痛みですね？
parrot,お腹下痺れ,お腹の痛みですね？
parrot,お腹下動かない,お腹の痛みですね？
parrot,お腹下腫れて,お腹の痛みですね？
parrot,お腹下締め付けられる,お腹の痛みですね？
parrot,お腹下痛み,お腹の痛みですね？
parrot,お腹下痺れ,お腹の痛みですね？
parrot,お腹下腫れ,お腹の痛みですね？
parrot,お腹下締め付け,お腹の痛みですね？
parrot,お腹下違和感,お腹の痛みですね？
parrot,腹全体痛い,お腹の痛みですね？
parrot,腹全体痛み,お腹の痛みですね？
parrot,腹全体痛む,お腹の痛みですね？
parrot,腹全体ズキズキする,お腹の痛みですね？
parrot,腹全体ジンジンする,お腹の痛みですね？
parrot,腹全体痺れる,お腹の痛みですね？
parrot,腹全体痺れ,お腹の痛みですね？
parrot,腹全体動かない,お腹の痛みですね？
parrot,腹全体腫れて,お腹の痛みですね？
parrot,腹全体締め付けられる,お腹の痛みですね？
parrot,腹全体痛み,お腹の痛みですね？
parrot,腹全体痺れ,お腹の痛みですね？
parrot,腹全体腫れ,お腹の痛みですね？
parrot,腹全体締め付け,お腹の痛みですね？
parrot,腹全体違和感,お腹の痛みですね？
parrot,腹右痛い,お腹の痛みですね？
parrot,腹右痛み,お腹の痛みですね？
parrot,腹右痛む,お腹の痛みですね？
parrot,腹右ズキズキする,お腹の痛みですね？
parrot,腹右ジンジンする,お腹の痛みですね？
parrot,腹右痺れる,お腹の痛みですね？
parrot,腹右痺れ,お腹の痛みですね？
parrot,腹右動かない,お腹の痛みですね？
parrot,腹右腫れて,お腹の痛みですね？
parrot,腹右締め付けられる,お腹の痛みですね？
parrot,腹右痛み,お腹の痛みですね？
parrot,腹右痺れ,お腹の痛みですね？
parrot,腹右腫れ,お腹の痛みですね？
parrot,腹右締め付け,お腹の痛みですね？
parrot,腹右違和感,お腹の痛みですね？
parrot,腹左痛い,お腹の痛みですね？
parrot,腹左痛み,お腹の痛みですね？
parrot,腹左痛む,お腹の痛みですね？
parrot,腹左ズキズキする,お腹の痛みですね？
parrot,腹左ジンジンする,お腹の痛みですね？
parrot,腹左痺れる,お腹の痛みですね？
parrot,腹左痺れ,お腹の痛みですね？
parrot,腹左動かない,お腹の痛みですね？
parrot,腹左腫れて,お腹の痛みですね？
parrot,腹左締め付けられる,お腹の痛みですね？
parrot,腹左痛み,お腹の痛みですね？
parrot,腹左痺れ,お腹の痛みですね？
parrot,腹左腫れ,お腹の痛みですね？
parrot,腹左締め付け,お腹の痛みですね？
parrot,腹左違和感,お腹の痛みですね？
parrot,腹上痛い,お腹の痛みですね？
parrot,腹上痛み,お腹の痛みですね？
parrot,腹上痛む,お腹の痛みですね？
parrot,腹上ズキズキする,お腹の痛みですね？
parrot,腹上ジンジンする,お腹の痛みですね？
parrot,腹上痺れる,お腹の痛みですね？
parrot,腹上痺れ,お腹の痛みですね？
parrot,腹上動かない,お腹の痛みですね？
parrot,腹上腫れて,お腹の痛みですね？
parrot,腹上締め付けられる,お腹の痛みですね？
parrot,腹上痛み,お腹の痛みですね？
parrot,腹上痺れ,お腹の痛みですね？
parrot,腹上腫れ,お腹の痛みですね？
parrot,腹上締め付け,お腹の痛みですね？
parrot,腹上違和感,お腹の痛みですね？
parrot,腹下痛い,お腹の痛みですね？
parrot,腹下痛み,お腹の痛みですね？
parrot,腹下痛む,お腹の痛みですね？
parrot,腹下ズキズキする,お腹の痛みですね？
parrot,腹下ジンジンする,お腹の痛みですね？
parrot,腹下痺れる,お腹の痛みですね？
parrot,腹下痺れ,お腹の痛みですね？
parrot,腹下動かない,お腹の痛みですね？
parrot,腹下腫れて,お腹の痛みですね？
parrot,腹下締め付けられる,お腹の痛みですね？
parrot,腹下痛み,お腹の痛みですね？
parrot,腹下痺れ,お腹の痛みですね？
parrot,腹下腫れ,お腹の痛みですね？
parrot,腹下締め付け,お腹の痛みですね？
parrot,腹下違和感,お腹の痛みですね？
parrot,はら全体痛い,お腹の痛みですね？
parrot,はら全体痛み,お腹の痛みですね？
parrot,はら全体痛む,お腹の痛みですね？
parrot,はら全体ズキズキする,お腹の痛みですね？
parrot,はら全体ジンジンする,お腹の痛みですね？
parrot,はら全体痺れる,お腹の痛みですね？
parrot,はら全体痺れ,お腹の痛みですね？
parrot,はら全体動かない,お腹の痛みですね？
parrot,はら全体腫れて,お腹の痛みですね？
parrot,はら全体締め付けられる,お腹の痛みですね？
parrot,はら全体痛み,お腹の痛みですね？
parrot,はら全体痺れ,お腹の痛みですね？
parrot,はら全体腫れ,お腹の痛みですね？
parrot,はら全体締め付け,お腹の痛みですね？
parrot,はら全体違和感,お腹の痛みですね？
parrot,はら右痛い,お腹の痛みですね？
parrot,はら右痛み,お腹の痛みですね？
parrot,はら右痛む,お腹の痛みですね？
parrot,はら右ズキズキする,お腹の痛みですね？
parrot,はら右ジンジンする,お腹の痛みですね？
parrot,はら右痺れる,お腹の痛みですね？
parrot,はら右痺れ,お腹の痛みですね？
parrot,はら右動かない,お腹の痛みですね？
parrot,はら右腫れて,お腹の痛みですね？
parrot,はら右締め付けられる,お腹の痛みですね？
parrot,はら右痛み,お腹の痛みですね？
parrot,はら右痺れ,お腹の痛みですね？
parrot,はら右腫れ,お腹の痛みですね？
parrot,はら右締め付け,お腹の痛みですね？
parrot,はら右違和感,お腹の痛みですね？
parrot,はら左痛い,お腹の痛みですね？
parrot,はら左痛み,お腹の痛みですね？
parrot,はら左痛む,お腹の痛みですね？
parrot,はら左ズキズキする,お腹の痛みですね？
parrot,はら左ジンジンする,お腹の痛みですね？
parrot,はら左痺れる,お腹の痛みですね？
parrot,はら左痺れ,お腹の痛みですね？
parrot,はら左動かない,お腹の痛みですね？
parrot,はら左腫れて,お腹の痛みですね？
parrot,はら左締め付けられる,お腹の痛みですね？
parrot,はら左痛み,お腹の痛みですね？
parrot,はら左痺れ,お腹の痛みですね？
parrot,はら左腫れ,お腹の痛みですね？
parrot,はら左締め付け,お腹の痛みですね？
parrot,はら左違和感,お腹の痛みですね？
parrot,はら上痛い,お腹の痛みですね？
parrot,はら上痛み,お腹の痛みですね？
parrot,はら上痛む,お腹の痛みですね？
parrot,はら上ズキズキする,お腹の痛みですね？
parrot,はら上ジンジンする,お腹の痛みですね？
parrot,はら上痺れる,お腹の痛みですね？
parrot,はら上痺れ,お腹の痛みですね？
parrot,はら上動かない,お腹の痛みですね？
parrot,はら上腫れて,お腹の痛みですね？
parrot,はら上締め付けられる,お腹の痛みですね？
parrot,はら上痛み,お腹の痛みですね？
parrot,はら上痺れ,お腹の痛みですね？
parrot,はら上腫れ,お腹の痛みですね？
parrot,はら上締め付け,お腹の痛みですね？
parrot,はら上違和感,お腹の痛みですね？
parrot,はら下痛い,お腹の痛みですね？
parrot,はら下痛み,お腹の痛みですね？
parrot,はら下痛む,お腹の痛みですね？
parrot,はら下ズキズキする,お腹の痛みですね？
parrot,はら下ジンジンする,お腹の痛みですね？
parrot,はら下痺れる,お腹の痛みですね？
parrot,はら下痺れ,お腹の痛みですね？
parrot,はら下動かない,お腹の痛みですね？
parrot,はら下腫れて,お腹の痛みですね？
parrot,はら下締め付けられる,お腹の痛みですね？
parrot,はら下痛み,お腹の痛みですね？
parrot,はら下痺れ,お腹の痛みですね？
parrot,はら下腫れ,お腹の痛みですね？
parrot,はら下締め付け,お腹の痛みですね？
parrot,はら下違和感,お腹の痛みですね？
parrot,胸全体痛い,胸の痛みですね？
parrot,胸全体痛み,胸の痛みですね？
parrot,胸全体痛む,胸の痛みですね？
parrot,胸全体ズキズキする,胸の痛みですね？
parrot,胸全体ジンジンする,胸の痛みですね？
parrot,胸全体痺れる,胸の痛みですね？
parrot,胸全体痺れ,胸の痛みですね？
parrot,胸全体動かない,胸の痛みですね？
parrot,胸全体腫れて,胸の痛みですね？
parrot,胸全体締め付けられる,胸の痛みですね？
parrot,胸全体痛み,胸の痛みですね？
parrot,胸全体痺れ,胸の痛みですね？
parrot,胸全体腫れ,胸の痛みですね？
parrot,胸全体締め付け,胸の痛みですね？
parrot,胸全体違和感,胸の痛みですね？
parrot,胸右痛い,胸の痛みですね？
parrot,胸右痛み,胸の痛みですね？
parrot,胸右痛む,胸の痛みですね？
parrot,胸右ズキズキする,胸の痛みですね？
parrot,胸右ジンジンする,胸の痛みですね？
parrot,胸右痺れる,胸の痛みですね？
parrot,胸右痺れ,胸の痛みですね？
parrot,胸右動かない,胸の痛みですね？
parrot,胸右腫れて,胸の痛みですね？
parrot,胸右締め付けられる,胸の痛みですね？
parrot,胸右痛み,胸の痛みですね？
parrot,胸右痺れ,胸の痛みですね？
parrot,胸右腫れ,胸の痛みですね？
parrot,胸右締め付け,胸の痛みですね？
parrot,胸右違和感,胸の痛みですね？
parrot,胸左痛い,胸の痛みですね？
parrot,胸左痛み,胸の痛みですね？
parrot,胸左痛む,胸の痛みですね？
parrot,胸左ズキズキする,胸の痛みですね？
parrot,胸左ジンジンする,胸の痛みですね？
parrot,胸左痺れる,胸の痛みですね？
parrot,胸左痺れ,胸の痛みですね？
parrot,胸左動かない,胸の痛みですね？
parrot,胸左腫れて,胸の痛みですね？
parrot,胸左締め付けられる,胸の痛みですね？
parrot,胸左痛み,胸の痛みですね？
parrot,胸左痺れ,胸の痛みですね？
parrot,胸左腫れ,胸の痛みですね？
parrot,胸左締め付け,胸の痛みですね？
parrot,胸左違和感,胸の痛みですね？
parrot,胸上痛い,胸の痛みですね？
parrot,胸上痛み,胸の痛みですね？
parrot,胸上痛む,胸の痛みですね？
parrot,胸上ズキズキする,胸の痛みですね？
parrot,胸上ジンジンする,胸の痛みですね？
parrot,胸上痺れる,胸の痛みですね？
parrot,胸上痺れ,胸の痛みですね？
parrot,胸上動かない,胸の痛みですね？
parrot,胸上腫れて,胸の痛みですね？
parrot,胸上締め付けられる,胸の痛みですね？
parrot,胸上痛み,胸の痛みですね？
parrot,胸上痺れ,胸の痛みですね？
parrot,胸上腫れ,胸の痛みですね？
parrot,胸上締め付け,胸の痛みですね？
parrot,胸上違和感,胸の痛みですね？
parrot,胸下痛い,胸の痛みですね？
parrot,胸下痛み,胸の痛みですね？
parrot,胸下痛む,胸の痛みですね？
parrot,胸下ズキズキする,胸の痛みですね？
parrot,胸下ジンジンする,胸の痛みですね？
parrot,胸下痺れる,胸の痛みですね？
parrot,胸下痺れ,胸の痛みですね？
parrot,胸下動かない,胸の痛みですね？
parrot,胸下腫れて,胸の痛みですね？
parrot,胸下締め付けられる,胸の痛みですね？
parrot,胸下痛み,胸の痛みですね？
parrot,胸下痺れ,胸の痛みですね？
parrot,胸下腫れ,胸の痛みですね？
parrot,胸下締め付け,胸の痛みですね？
parrot,胸下違和感,胸の痛みですね？
parrot,胸部全体痛い,胸の痛みですね？
parrot,胸部全体痛み,胸の痛みですね？
parrot,胸部全体痛む,胸の痛みですね？
parrot,胸部全体ズキズキする,胸の痛みですね？
parrot,胸部全体ジンジンする,胸の痛みですね？
parrot,胸部全体痺れる,胸の痛みですね？
parrot,胸部全体痺れ,胸の痛みですね？
parrot,胸部全体動かない,胸の痛みですね？
parrot,胸部全体腫れて,胸の痛みですね？
parrot,胸部全体締め付けられる,胸の痛みですね？
parrot,胸部全体痛み,胸の痛みですね？
parrot,胸部全体痺れ,胸の痛みですね？
parrot,胸部全体腫れ,胸の痛みですね？
parrot,胸部全体締め付け,胸の痛みですね？
parrot,胸部全体違和感,胸の痛みですね？
parrot,胸部右痛い,胸の痛みですね？
parrot,胸部右痛み,胸の痛みですね？
parrot,胸部右痛む,胸の痛みですね？
parrot,胸部右ズキズキする,胸の痛みですね？
parrot,胸部右ジンジンする,胸の痛みですね？
parrot,胸部右痺れる,胸の痛みですね？
parrot,胸部右痺れ,胸の痛みですね？
parrot,胸部右動かない,胸の痛みですね？
parrot,胸部右腫れて,胸の痛みですね？
parrot,胸部右締め付けられる,胸の痛みですね？
parrot,胸部右痛み,胸の痛みですね？
parrot,胸部右痺れ,胸の痛みですね？
parrot,胸部右腫れ,胸の痛みですね？
parrot,胸部右締め付け,胸の痛みですね？
parrot,胸部右違和感,胸の痛みですね？
parrot,胸部左痛い,胸の痛みですね？
parrot,胸部左痛み,胸の痛みですね？
parrot,胸部左痛む,胸の痛みですね？
parrot,胸部左ズキズキする,胸の痛みですね？
parrot,胸部左ジンジンする,胸の痛みですね？
parrot,胸部左痺れる,胸の痛みですね？
parrot,胸部左痺れ,胸の痛みですね？
parrot,胸部左動かない,胸の痛みですね？
parrot,胸部左腫れて,胸の痛みですね？
parrot,胸部左締め付けられる,胸の痛みですね？
parrot,胸部左痛み,胸の痛みですね？
parrot,胸部左痺れ,胸の痛みですね？
parrot,胸部左腫れ,胸の痛みですね？
parrot,胸部左締め付け,胸の痛みですね？
parrot,胸部左違和感,胸の痛みですね？
parrot,胸部上痛い,胸の痛みですね？
parrot,胸部上痛み,胸の痛みですね？
parrot,胸部上痛む,胸の痛みですね？
parrot,胸部上ズキズキする,胸の痛みですね？
parrot,胸部上ジンジンする,胸の痛みですね？
parrot,胸部上痺れる,胸の痛みですね？
parrot,胸部上痺れ,胸の痛みですね？
parrot,胸部上動かない,胸の痛みですね？
parrot,胸部上腫れて,胸の痛みですね？
parrot,胸部上締め付けられる,胸の痛みですね？
parrot,胸部上痛み,胸の痛みですね？
parrot,胸部上痺れ,胸の痛みですね？
parrot,胸部上腫れ,胸の痛みですね？
parrot,胸部上締め付け,胸の痛みですね？
parrot,胸部上違和感,胸の痛みですね？
parrot,胸部下痛い,胸の痛みですね？
parrot,胸部下痛み,胸の痛みですね？
parrot,胸部下痛む,胸の痛みですね？
parrot,胸部下ズキズキする,胸の痛みですね？
parrot,胸部下ジンジンする,胸の痛みですね？
parrot,胸部下痺れる,胸の痛みですね？
parrot,胸部下痺れ,胸の痛みですね？
parrot,胸部下動かない,胸の痛みですね？
parrot,胸部下腫れて,胸の痛みですね？
parrot,胸部下締め付けられる,胸の痛みですね？
parrot,胸部下痛み,胸の痛みですね？
parrot,胸部下痺れ,胸の痛みですね？
parrot,胸部下腫れ,胸の痛みですね？
parrot,胸部下締め付け,胸の痛みですね？
parrot,胸部下違和感,胸の痛みですね？
parrot,心臓全体痛い,胸の痛みですね？
parrot,心臓全体痛み,胸の痛みですね？
parrot,心臓全体痛む,胸の痛みですね？
parrot,心臓全体ズキズキする,胸の痛みですね？
parrot,心臓全体ジンジンする,胸の痛みですね？
parrot,心臓全体痺れる,胸の痛みですね？
parrot,心臓全体痺れ,胸の痛みですね？
parrot,心臓全体動かない,胸の痛みですね？
parrot,心臓全体腫れて,胸の痛みですね？
parrot,心臓全体締め付けられる,胸の痛みですね？
parrot,心臓全体痛み,胸の痛みですね？
parrot,心臓全体痺れ,胸の痛みですね？
parrot,心臓全体腫れ,胸の痛みですね？
parrot,心臓全体締め付け,胸の痛みですね？
parrot,心臓全体違和感,胸の痛みですね？
parrot,心臓右痛い,胸の痛みですね？
parrot,心臓右痛み,胸の痛みですね？
parrot,心臓右痛む,胸の痛みですね？
parrot,心臓右ズキズキする,胸の痛みですね？
parrot,心臓右ジンジンする,胸の痛みですね？
parrot,心臓右痺れる,胸の痛みですね？
parrot,心臓右痺れ,胸の痛みですね？
parrot,心臓右動かない,胸の痛みですね？
parrot,心臓右腫れて,胸の痛みですね？
parrot,心臓右締め付けられる,胸の痛みですね？
parrot,心臓右痛み,胸の痛みですね？
parrot,心臓右痺れ,胸の痛みですね？
parrot,心臓右腫れ,胸の痛みですね？
parrot,心臓右締め付け,胸の痛みですね？
parrot,心臓右違和感,胸の痛みですね？
parrot,心臓左痛い,胸の痛みですね？
parrot,心臓左痛み,胸の痛みですね？
parrot,心臓左痛む,胸の痛みですね？
parrot,心臓左ズキズキする,胸の痛みですね？
parrot,心臓左ジンジンする,胸の痛みですね？
parrot,心臓左痺れる,胸の痛みですね？
parrot,心臓左痺れ,胸の痛みですね？
parrot,心臓左動かない,胸の痛みですね？
parrot,心臓左腫れて,胸の痛みですね？
parrot,心臓左締め付けられる,胸の痛みですね？
parrot,心臓左痛み,胸の痛みですね？
parrot,心臓左痺れ,胸の痛みですね？
parrot,心臓左腫れ,胸の痛みですね？
parrot,心臓左締め付け,胸の痛みですね？
parrot,心臓左違和感,胸の痛みですね？
parrot,心臓上痛い,胸の痛みですね？
parrot,心臓上痛み,胸の痛みですね？
parrot,心臓上痛む,胸の痛みですね？
parrot,心臓上ズキズキする,胸の痛みですね？
parrot,心臓上ジンジンする,胸の痛みですね？
parrot,心臓上痺れる,胸の痛みですね？
parrot,心臓上痺れ,胸の痛みですね？
parrot,心臓上動かない,胸の痛みですね？
parrot,心臓上腫れて,胸の痛みですね？
parrot,心臓上締め付けられる,胸の痛みですね？
parrot,心臓上痛み,胸の痛みですね？
parrot,心臓上痺れ,胸の痛みですね？
parrot,心臓上腫れ,胸の痛みですね？
parrot,心臓上締め付け,胸の痛みですね？
parrot,心臓上違和感,胸の痛みですね？
parrot,心臓下痛い,胸の痛みですね？
parrot,心臓下痛み,胸の痛みですね？
parrot,心臓下痛む,胸の痛みですね？
parrot,心臓下ズキズキする,胸の痛みですね？
parrot,心臓下ジンジンする,胸の痛みですね？
parrot,心臓下痺れる,胸の痛みですね？
parrot,心臓下痺れ,胸の痛みですね？
parrot,心臓下動かない,胸の痛みですね？
parrot,心臓下腫れて,胸の痛みですね？
parrot,心臓下締め付けられる,胸の痛みですね？
parrot,心臓下痛み,胸の痛みですね？
parrot,心臓下痺れ,胸の痛みですね？
parrot,心臓下腫れ,胸の痛みですね？
parrot,心臓下締め付け,胸の痛みですね？
parrot,心臓下違和感,胸の痛みですね？
parrot,手全体痛い,手足の痺れですね？
parrot,手全体痛み,手足の痺れですね？
parrot,手全体痛む,手足の痺れですね？
parrot,手全体ズキズキする,手足の痺れですね？
parrot,手全体ジンジンする,手足の痺れですね？
parrot,手全体痺れる,手足の痺れですね？
parrot,手全体痺れ,手足の痺れですね？
parrot,手全体動かない,手足の痺れですね？
parrot,手全体腫れて,手足の痺れですね？
parrot,手全体締め付けられる,手足の痺れですね？
parrot,手全体痛み,手足の痺れですね？
parrot,手全体痺れ,手足の痺れですね？
parrot,手全体腫れ,手足の痺れですね？
parrot,手全体締め付け,手足の痺れですね？
parrot,手全体違和感,手足の痺れですね？
parrot,手右痛い,手足の痺れですね？
parrot,手右痛み,手足の痺れですね？
parrot,手右痛む,手足の痺れですね？
parrot,手右ズキズキする,手足の痺れですね？
parrot,手右ジンジンする,手足の痺れですね？
parrot,手右痺れる,手足の痺れですね？
parrot,手右痺れ,手足の痺れですね？
parrot,手右動かない,手足の痺れですね？
parrot,手右腫れて,手足の痺れですね？
parrot,手右締め付けられる,手足の痺れですね？
parrot,手右痛み,手足の痺れですね？
parrot,手右痺れ,手足の痺れですね？
parrot,手右腫れ,手足の痺れですね？
parrot,手右締め付け,手足の痺れですね？
parrot,手右違和感,手足の痺れですね？
parrot,手左痛い,手足の痺れですね？
parrot,手左痛み,手足の痺れですね？
parrot,手左痛む,手足の痺れですね？
parrot,手左ズキズキする,手足の痺れですね？
parrot,手左ジンジンする,手足の痺れですね？
parrot,手左痺れる,手足の痺れですね？
parrot,手左痺れ,手足の痺れですね？
parrot,手左動かない,手足の痺れですね？
parrot,手左腫れて,手足の痺れですね？
parrot,手左締め付けられる,手足の痺れですね？
parrot,手左痛み,手足の痺れですね？
parrot,手左痺れ,手足の痺れですね？
parrot,手左腫れ,手足の痺れですね？
parrot,手左締め付け,手足の痺れですね？
parrot,手左違和感,手足の痺れですね？
parrot,手上痛い,手足の痺れですね？
parrot,手上痛み,手足の痺れですね？
parrot,手上痛む,手足の痺れですね？
parrot,手上ズキズキする,手足の痺れですね？
parrot,手上ジンジンする,手足の痺れですね？
parrot,手上痺れる,手足の痺れですね？
parrot,手上痺れ,手足の痺れですね？
parrot,手上動かない,手足の痺れですね？
parrot,手上腫れて,手足の痺れですね？
parrot,手上締め付けられる,手足の痺れですね？
parrot,手上痛み,手足の痺れですね？
parrot,手上痺れ,手足の痺れですね？
parrot,手上腫れ,手足の痺れですね？
parrot,手上締め付け,手足の痺れですね？
parrot,手上違和感,手足の痺れですね？
parrot,手下痛い,手足の痺れですね？
parrot,手下痛み,手足の痺れですね？
parrot,手下痛む,手足の痺れですね？
parrot,手下ズキズキする,手足の痺れですね？
parrot,手下ジンジンする,手足の痺れですね？
parrot,手下痺れる,手足の痺れですね？
parrot,手下痺れ,手足の痺れですね？
parrot,手下動かない,手足の痺れですね？
parrot,手下腫れて,手足の痺れですね？
parrot,手下締め付けられる,手足の痺れですね？
parrot,手下痛み,手足の痺れですね？
parrot,手下痺れ,手足の痺れですね？
parrot,手下腫れ,手足の痺れですね？
parrot,手下締め付け,手足の痺れですね？
parrot,手下違和感,手足の痺れですね？
parrot,右手全体痛い,手足の痺れですね？
parrot,右手全体痛み,手足の痺れですね？
parrot,右手全体痛む,手足の痺れですね？
parrot,右手全体ズキズキする,手足の痺れですね？
parrot,右手全体ジンジンする,手足の痺れですね？
parrot,右手全体痺れる,手足の痺れですね？
parrot,右手全体痺れ,手足の痺れですね？
parrot,右手全体動かない,手足の痺れですね？
parrot,右手全体腫れて,手足の痺れですね？
parrot,右手全体締め付けられる,手足の痺れですね？
parrot,右手全体痛み,手足の痺れですね？
parrot,右手全体痺れ,手足の痺れですね？
parrot,右手全体腫れ,手足の痺れですね？
parrot,右手全体締め付け,手足の痺れですね？
parrot,右手全体違和感,手足の痺れですね？
parrot,右手右痛い,手足の痺れですね？
parrot,右手右痛み,手足の痺れですね？
parrot,右手右痛む,手足の痺れですね？
parrot,右手右ズキズキする,手足の痺れですね？
parrot,右手右ジンジンする,手足の痺れですね？
parrot,右手右痺れる,手足の痺れですね？
parrot,右手右痺れ,手足の痺れですね？
parrot,右手右動かない,手足の痺れですね？
parrot,右手右腫れて,手足の痺れですね？
parrot,右手右締め付けられる,手足の痺れですね？
parrot,右手右痛み,手足の痺れですね？
parrot,右手右痺れ,手足の痺れですね？
parrot,右手右腫れ,手足の痺れですね？
parrot,右手右締め付け,手足の痺れですね？
parrot,右手右違和感,手足の痺れですね？
parrot,右手左痛い,手足の痺れですね？
parrot,右手左痛み,手足の痺れですね？
parrot,右手左痛む,手足の痺れですね？
parrot,右手左ズキズキする,手足の痺れですね？
parrot,右手左ジンジンする,手足の痺れですね？
parrot,右手左痺れる,手足の痺れですね？
parrot,右手左痺れ,手足の痺れですね？
parrot,右手左動かない,手足の痺れですね？
parrot,右手左腫れて,手足の痺れですね？
parrot,右手左締め付けられる,手足の痺れですね？
parrot,右手左痛み,手足の痺れですね？
parrot,右手左痺れ,手足の痺れですね？
parrot,右手左腫れ,手足の痺れですね？
parrot,右手左締め付け,手足の痺れですね？
parrot,右手左違和感,手足の痺れですね？
parrot,右手上痛い,手足の痺れですね？
parrot,右手上痛み,手足の痺れですね？
parrot,右手上痛む,手足の痺れですね？
parrot,右手上ズキズキする,手足の痺れですね？
parrot,右手上ジンジンする,手足の痺れですね？
parrot,右手上痺れる,手足の痺れですね？
parrot,右手上痺れ,手足の痺れですね？
parrot,右手上動かない,手足の痺れですね？
parrot,右手上腫れて,手足の痺れですね？
parrot,右手上締め付けられる,手足の痺れですね？
parrot,右手上痛み,手足の痺れですね？
parrot,右手上痺れ,手足の痺れですね？
parrot,右手上腫れ,手足の痺れですね？
parrot,右手上締め付け,手足の痺れですね？
parrot,右手上違和感,手足の痺れですね？
parrot,右手下痛い,手足の痺れですね？
parrot,右手下痛み,手足の痺れですね？
parrot,右手下痛む,手足の痺れですね？
parrot,右手下ズキズキする,手足の痺れですね？
parrot,右手下ジンジンする,手足の痺れですね？
parrot,右手下痺れる,手足の痺れですね？
parrot,右手下痺れ,手足の痺れですね？
parrot,右手下動かない,手足の痺れですね？
parrot,右手下腫れて,手足の痺れですね？
parrot,右手下締め付けられる,手足の痺れですね？
parrot,右手下痛み,手足の痺れですね？
parrot,右手下痺れ,手足の痺れですね？
parrot,右手下腫れ,手足の痺れですね？
parrot,右手下締め付け,手足の痺れですね？
parrot,右手下違和感,手足の痺れですね？
parrot,左手全体痛い,手足の痺れですね？
parrot,左手全体痛み,手足の痺れですね？
parrot,左手全体痛む,手足の痺れですね？
parrot,左手全体ズキズキする,手足の痺れですね？
parrot,左手全体ジンジンする,手足の痺れですね？
parrot,左手全体痺れる,手足の痺れですね？
parrot,左手全体痺れ,手足の痺れですね？
parrot,左手全体動かない,手足の痺れですね？
parrot,左手全体腫れて,手足の痺れですね？
parrot,左手全体締め付けられる,手足の痺れですね？
parrot,左手全体痛み,手足の痺れですね？
parrot,左手全体痺れ,手足の痺れですね？
parrot,左手全体腫れ,手足の痺れですね？
parrot,左手全体締め付け,手足の痺れですね？
parrot,左手全体違和感,手足の痺れですね？
parrot,左手右痛い,手足の痺れですね？
parrot,左手右痛み,手足の痺れですね？
parrot,左手右痛む,手足の痺れですね？
parrot,左手右ズキズキする,手足の痺れですね？
parrot,左手右ジンジンする,手足の痺れですね？
parrot,左手右痺れる,手足の痺れですね？
parrot,左手右痺れ,手足の痺れですね？
parrot,左手右動かない,手足の痺れですね？
parrot,左手右腫れて,手足の痺れですね？
parrot,左手右締め付けられる,手足の痺れですね？
parrot,左手右痛み,手足の痺れですね？
parrot,左手右痺れ,手足の痺れですね？
parrot,左手右腫れ,手足の痺れですね？
parrot,左手右締め付け,手足の痺れですね？
parrot,左手右違和感,手足の痺れですね？
parrot,左手左痛い,手足の痺れですね？
parrot,左手左痛み,手足の痺れですね？
parrot,左手左痛む,手足の痺れですね？
parrot,左手左ズキズキする,手足の痺れですね？
parrot,左手左ジンジンする,手足の痺れですね？
parrot,左手左痺れる,手足の痺れですね？
parrot,左手左痺れ,手足の痺れですね？
parrot,左手左動かない,手足の痺れですね？
parrot,左手左腫れて,手足の痺れですね？
parrot,左手左締め付けられる,手足の痺れですね？
parrot,左手左痛み,手足の痺れですね？
parrot,左手左痺れ,手足の痺れですね？
parrot,左手左腫れ,手足の痺れですね？
parrot,左手左締め付け,手足の痺れですね？
parrot,左手左違和感,手足の痺れですね？
parrot,左手上痛い,手足の痺れですね？
parrot,左手上痛み,手足の痺れですね？
parrot,左手上痛む,手足の痺れですね？
parrot,左手上ズキズキする,手足の痺れですね？
parrot,左手上ジンジンする,手足の痺れですね？
parrot,左手上痺れる,手足の痺れですね？
parrot,左手上痺れ,手足の痺れですね？
parrot,左手上動かない,手足の痺れですね？
parrot,左手上腫れて,手足の痺れですね？
parrot,左手上締め付けられる,手足の痺れですね？
parrot,左手上痛み,手足の痺れですね？
parrot,左手上痺れ,手足の痺れですね？
parrot,左手上腫れ,手足の痺れですね？
parrot,左手上締め付け,手足の痺れですね？
parrot,左手上違和感,手足の痺れですね？
parrot,左手下痛い,手足の痺れですね？
parrot,左手下痛み,手足の痺れですね？
parrot,左手下痛む,手足の痺れですね？
parrot,左手下ズキズキする,手足の痺れですね？
parrot,左手下ジンジンする,手足の痺れですね？
parrot,左手下痺れる,手足の痺れですね？
parrot,左手下痺れ,手足の痺れですね？
parrot,左手下動かない,手足の痺れですね？
parrot,左手下腫れて,手足の痺れですね？
parrot,左手下締め付けられる,手足の痺れですね？
parrot,左手下痛み,手足の痺れですね？
parrot,左手下痺れ,手足の痺れですね？
parrot,左手下腫れ,手足の痺れですね？
parrot,左手下締め付け,手足の痺れですね？
parrot,左手下違和感,手足の痺れですね？
parrot,両手全体痛い,手足の痺れですね？
parrot,両手全体痛み,手足の痺れですね？
parrot,両手全体痛む,手足の痺れですね？
parrot,両手全体ズキズキする,手足の痺れですね？
parrot,両手全体ジンジンする,手足の痺れですね？
parrot,両手全体痺れる,手足の痺れですね？
parrot,両手全体痺れ,手足の痺れですね？
parrot,両手全体動かない,手足の痺れですね？
parrot,両手全体腫れて,手足の痺れですね？
parrot,両手全体締め付けられる,手足の痺れですね？
parrot,両手全体痛み,手足の痺れですね？
parrot,両手全体痺れ,手足の痺れですね？
parrot,両手全体腫れ,手足の痺れですね？
parrot,両手全体締め付け,手足の痺れですね？
parrot,両手全体違和感,手足の痺れですね？
parrot,両手右痛い,手足の痺れですね？
parrot,両手右痛み,手足の痺れですね？
parrot,両手右痛む,手足の痺れですね？
parrot,両手右ズキズキする,手足の痺れですね？
parrot,両手右ジンジンする,手足の痺れですね？
parrot,両手右痺れる,手足の痺れですね？
parrot,両手右痺れ,手足の痺れですね？
parrot,両手右動かない,手足の痺れですね？
parrot,両手右腫れて,手足の痺れですね？
parrot,両手右締め付けられる,手足の痺れですね？
parrot,両手右痛み,手足の痺れですね？
parrot,両手右痺れ,手足の痺れですね？
parrot,両手右腫れ,手足の痺れですね？
parrot,両手右締め付け,手足の痺れですね？
parrot,両手右違和感,手足の痺れですね？
parrot,両手左痛い,手足の痺れですね？
parrot,両手左痛み,手足の痺れですね？
parrot,両手左痛む,手足の痺れですね？
parrot,両手左ズキズキする,手足の痺れですね？
parrot,両手左ジンジンする,手足の痺れですね？
parrot,両手左痺れる,手足の痺れですね？
parrot,両手左痺れ,手足の痺れですね？
parrot,両手左動かない,手足の痺れですね？
parrot,両手左腫れて,手足の痺れですね？
parrot,両手左締め付けられる,手足の痺れですね？
parrot,両手左痛み,手足の痺れですね？
parrot,両手左痺れ,手足の痺れですね？
parrot,両手左腫れ,手足の痺れですね？
parrot,両手左締め付け,手足の痺れですね？
parrot,両手左違和感,手足の痺れですね？
parrot,両手上痛い,手足の痺れですね？
parrot,両手上痛み,手足の痺れですね？
parrot,両手上痛む,手足の痺れですね？
parrot,両手上ズキズキする,手足の痺れですね？
parrot,両手上ジンジンする,手足の痺れですね？
parrot,両手上痺れる,手足の痺れですね？
parrot,両手上痺れ,手足の痺れですね？
parrot,両手上動かない,手足の痺れですね？
parrot,両手上腫れて,手足の痺れですね？
parrot,両手上締め付けられる,手足の痺れですね？
parrot,両手上痛み,手足の痺れですね？
parrot,両手上痺れ,手足の痺れですね？
parrot,両手上腫れ,手足の痺れですね？
parrot,両手上締め付け,手足の痺れですね？
parrot,両手上違和感,手足の痺れですね？
parrot,両手下痛い,手足の痺れですね？
parrot,両手下痛み,手足の痺れですね？
parrot,両手下痛む,手足の痺れですね？
parrot,両手下ズキズキする,手足の痺れですね？
parrot,両手下ジンジンする,手足の痺れですね？
parrot,両手下痺れる,手足の痺れですね？
parrot,両手下痺れ,手足の痺れですね？
parrot,両手下動かない,手足の痺れですね？
parrot,両手下腫れて,手足の痺れですね？
parrot,両手下締め付けられる,手足の痺れですね？
parrot,両手下痛み,手足の痺れですね？
parrot,両手下痺れ,手足の痺れですね？
parrot,両手下腫れ,手足の痺れですね？
parrot,両手下締め付け,手足の痺れですね？
parrot,両手下違和感,手足の痺れですね？
parrot,足全体痛い,手足の痺れですね？
parrot,足全体痛み,手足の痺れですね？
parrot,足全体痛む,手足の痺れですね？
parrot,足全体ズキズキする,手足の痺れですね？
parrot,足全体ジンジンする,手足の痺れですね？
parrot,足全体痺れる,手足の痺れですね？
parrot,足全体痺れ,手足の痺れですね？
parrot,足全体動かない,手足の痺れですね？
parrot,足全体腫れて,手足の痺れですね？
parrot,足全体締め付けられる,手足の痺れですね？
parrot,足全体痛み,手足の痺れですね？
parrot,足全体痺れ,手足の痺れですね？
parrot,足全体腫れ,手足の痺れですね？
parrot,足全体締め付け,手足の痺れですね？
parrot,足全体違和感,手足の痺れですね？
parrot,足右痛い,手足の痺れですね？
parrot,足右痛み,手足の痺れですね？
parrot,足右痛む,手足の痺れですね？
parrot,足右ズキズキする,手足の痺れですね？
parrot,足右ジンジンする,手足の痺れですね？
parrot,足右痺れる,手足の痺れですね？
parrot,足右痺れ,手足の痺れですね？
parrot,足右動かない,手足の痺れですね？
parrot,足右腫れて,手足の痺れですね？
parrot,足右締め付けられる,手足の痺れですね？
parrot,足右痛み,手足の痺れですね？
parrot,足右痺れ,手足の痺れですね？
parrot,足右腫れ,手足の痺れですね？
parrot,足右締め付け,手足の痺れですね？
parrot,足右違和感,手足の痺れですね？
parrot,足左痛い,手足の痺れですね？
parrot,足左痛み,手足の痺れですね？
parrot,足左痛む,手足の痺れですね？
parrot,足左ズキズキする,手足の痺れですね？
parrot,足左ジンジンする,手足の痺れですね？
parrot,足左痺れる,手足の痺れですね？
parrot,足左痺れ,手足の痺れですね？
parrot,足左動かない,手足の痺れですね？
parrot,足左腫れて,手足の痺れですね？
parrot,足左締め付けられる,手足の痺れですね？
parrot,足左痛み,手足の痺れですね？
parrot,足左痺れ,手足の痺れですね？
parrot,足左腫れ,手足の痺れですね？
parrot,足左締め付け,手足の痺れですね？
parrot,足左違和感,手足の痺れですね？
parrot,足上痛い,手足の痺れですね？
parrot,足上痛み,手足の痺れですね？
parrot,足上痛む,手足の痺れですね？
parrot,足上ズキズキする,手足の痺れですね？
parrot,足上ジンジンする,手足の痺れですね？
parrot,足上痺れる,手足の痺れですね？
parrot,足上痺れ,手足の痺れですね？
parrot,足上動かない,手足の痺れですね？
parrot,足上腫れて,手足の痺れですね？
parrot,足上締め付けられる,手足の痺れですね？
parrot,足上痛み,手足の痺れですね？
parrot,足上痺れ,手足の痺れですね？
parrot,足上腫れ,手足の痺れですね？
parrot,足上締め付け,手足の痺れですね？
parrot,足上違和感,手足の痺れですね？
parrot,足下痛い,手足の痺れですね？
parrot,足下痛み,手足の痺れですね？
parrot,足下痛む,手足の痺れですね？
parrot,足下ズキズキする,手足の痺れですね？
parrot,足下ジンジンする,手足の痺れですね？
parrot,足下痺れる,手足の痺れですね？
parrot,足下痺れ,手足の痺れですね？
parrot,足下動かない,手足の痺れですね？
parrot,足下腫れて,手足の痺れですね？
parrot,足下締め付けられる,手足の痺れですね？
parrot,足下痛み,手足の痺れですね？
parrot,足下痺れ,手足の痺れですね？
parrot,足下腫れ,手足の痺れですね？
parrot,足下締め付け,手足の痺れですね？
parrot,足下違和感,手足の痺れですね？
parrot,右足全体痛い,手足の痺れですね？
parrot,右足全体痛み,手足の痺れですね？
parrot,右足全体痛む,手足の痺れですね？
parrot,右足全体ズキズキする,手足の痺れですね？
parrot,右足全体ジンジンする,手足の痺れですね？
parrot,右足全体痺れる,手足の痺れですね？
parrot,右足全体痺れ,手足の痺れですね？
parrot,右足全体動かない,手足の痺れですね？
parrot,右足全体腫れて,手足の痺れですね？
parrot,右足全体締め付けられる,手足の痺れですね？
parrot,右足全体痛み,手足の痺れですね？
parrot,右足全体痺れ,手足の痺れですね？
parrot,右足全体腫れ,手足の痺れですね？
parrot,右足全体締め付け,手足の痺れですね？
parrot,右足全体違和感,手足の痺れですね？
parrot,右足右痛い,手足の痺れですね？
parrot,右足右痛み,手足の痺れですね？
parrot,右足右痛む,手足の痺れですね？
parrot,右足右ズキズキする,手足の痺れですね？
parrot,右足右ジンジンする,手足の痺れですね？
parrot,右足右痺れる,手足の痺れですね？
parrot,右足右痺れ,手足の痺れですね？
parrot,右足右動かない,手足の痺れですね？
parrot,右足右腫れて,手足の痺れですね？
parrot,右足右締め付けられる,手足の痺れですね？
parrot,右足右痛み,手足の痺れですね？
parrot,右足右痺れ,手足の痺れですね？
parrot,右足右腫れ,手足の痺れですね？
parrot,右足右締め付け,手足の痺れですね？
parrot,右足右違和感,手足の痺れですね？
parrot,右足左痛い,手足の痺れですね？
parrot,右足左痛み,手足の痺れですね？
parrot,右足左痛む,手足の痺れですね？
parrot,右足左ズキズキする,手足の痺れですね？
parrot,右足左ジンジンする,手足の痺れですね？
parrot,右足左痺れる,手足の痺れですね？
parrot,右足左痺れ,手足の痺れですね？
parrot,右足左動かない,手足の痺れですね？
parrot,右足左腫れて,手足の痺れですね？
parrot,右足左締め付けられる,手足の痺れですね？
parrot,右足左痛み,手足の痺れですね？
parrot,右足左痺れ,手足の痺れですね？
parrot,右足左腫れ,手足の痺れですね？
parrot,右足左締め付け,手足の痺れですね？
parrot,右足左違和感,手足の痺れですね？
parrot,右足上痛い,手足の痺れですね？
parrot,右足上痛み,手足の痺れですね？
parrot,右足上痛む,手足の痺れですね？
parrot,右足上ズキズキする,手足の痺れですね？
parrot,右足上ジンジンする,手足の痺れですね？
parrot,右足上痺れる,手足の痺れですね？
parrot,右足上痺れ,手足の痺れですね？
parrot,右足上動かない,手足の痺れですね？
parrot,右足上腫れて,手足の痺れですね？
parrot,右足上締め付けられる,手足の痺れですね？
parrot,右足上痛み,手足の痺れですね？
parrot,右足上痺れ,手足の痺れですね？
parrot,右足上腫れ,手足の痺れですね？
parrot,右足上締め付け,手足の痺れですね？
parrot,右足上違和感,手足の痺れですね？
parrot,右足下痛い,手足の痺れですね？
parrot,右足下痛み,手足の痺れですね？
parrot,右足下痛む,手足の痺れですね？
parrot,右足下ズキズキする,手足の痺れですね？
parrot,右足下ジンジンする,手足の痺れですね？
parrot,右足下痺れる,手足の痺れですね？
parrot,右足下痺れ,手足の痺れですね？
parrot,右足下動かない,手足の痺れですね？
parrot,右足下腫れて,手足の痺れですね？
parrot,右足下締め付けられる,手足の痺れですね？
parrot,右足下痛み,手足の痺れですね？
parrot,右足下痺れ,手足の痺れですね？
parrot,右足下腫れ,手足の痺れですね？
parrot,右足下締め付け,手足の痺れですね？
parrot,右足下違和感,手足の痺れですね？
parrot,左足全体痛い,手足の痺れですね？
parrot,左足全体痛み,手足の痺れですね？
parrot,左足全体痛む,手足の痺れですね？
parrot,左足全体ズキズキする,手足の痺れですね？
parrot,左足全体ジンジンする,手足の痺れですね？
parrot,左足全体痺れる,手足の痺れですね？
parrot,左足全体痺れ,手足の痺れですね？
parrot,左足全体動かない,手足の痺れですね？
parrot,左足全体腫れて,手足の痺れですね？
parrot,左足全体締め付けられる,手足の痺れですね？
parrot,左足全体痛み,手足の痺れですね？
parrot,左足全体痺れ,手足の痺れですね？
parrot,左足全体腫れ,手足の痺れですね？
parrot,左足全体締め付け,手足の痺れですね？
parrot,左足全体違和感,手足の痺れですね？
parrot,左足右痛い,手足の痺れですね？
parrot,左足右痛み,手足の痺れですね？
parrot,左足右痛む,手足の痺れですね？
parrot,左足右ズキズキする,手足の痺れですね？
parrot,左足右ジンジンする,手足の痺れですね？
parrot,左足右痺れる,手足の痺れですね？
parrot,左足右痺れ,手足の痺れですね？
parrot,左足右動かない,手足の痺れですね？
parrot,左足右腫れて,手足の痺れですね？
parrot,左足右締め付けられる,手足の痺れですね？
parrot,左足右痛み,手足の痺れですね？
parrot,左足右痺れ,手足の痺れですね？
parrot,左足右腫れ,手足の痺れですね？
parrot,左足右締め付け,手足の痺れですね？
parrot,左足右違和感,手足の痺れですね？
parrot,左足左痛い,手足の痺れですね？
parrot,左足左痛み,手足の痺れですね？
parrot,左足左痛む,手足の痺れですね？
parrot,左足左ズキズキする,手足の痺れですね？
parrot,左足左ジンジンする,手足の痺れですね？
parrot,左足左痺れる,手足の痺れですね？
parrot,左足左痺れ,手足の痺れですね？
parrot,左足左動かない,手足の痺れですね？
parrot,左足左腫れて,手足の痺れですね？
parrot,左足左締め付けられる,手足の痺れですね？
parrot,左足左痛み,手足の痺れですね？
parrot,左足左痺れ,手足の痺れですね？
parrot,左足左腫れ,手足の痺れですね？
parrot,左足左締め付け,手足の痺れですね？
parrot,左足左違和感,手足の痺れですね？
parrot,左足上痛い,手足の痺れですね？
parrot,左足上痛み,手足の痺れですね？
parrot,左足上痛む,手足の痺れですね？
parrot,左足上ズキズキする,手足の痺れですね？
parrot,左足上ジンジンする,手足の痺れですね？
parrot,左足上痺れる,手足の痺れですね？
parrot,左足上痺れ,手足の痺れですね？
parrot,左足上動かない,手足の痺れですね？
parrot,左足上腫れて,手足の痺れですね？
parrot,左足上締め付けられる,手足の痺れですね？
parrot,左足上痛み,手足の痺れですね？
parrot,左足上痺れ,手足の痺れですね？
parrot,左足上腫れ,手足の痺れですね？
parrot,左足上締め付け,手足の痺れですね？
parrot,左足上違和感,手足の痺れですね？
parrot,左足下痛い,手足の痺れですね？
parrot,左足下痛み,手足の痺れですね？
parrot,左足下痛む,手足の痺れですね？
parrot,左足下ズキズキする,手足の痺れですね？
parrot,左足下ジンジンする,手足の痺れですね？
parrot,左足下痺れる,手足の痺れですね？
parrot,左足下痺れ,手足の痺れですね？
parrot,左足下動かない,手足の痺れですね？
parrot,左足下腫れて,手足の痺れですね？
parrot,左足下締め付けられる,手足の痺れですね？
parrot,左足下痛み,手足の痺れですね？
parrot,左足下痺れ,手足の痺れですね？
parrot,左足下腫れ,手足の痺れですね？
parrot,左足下締め付け,手足の痺れですね？
parrot,左足下違和感,手足の痺れですね？
parrot,両足全体痛い,手足の痺れですね？
parrot,両足全体痛み,手足の痺れですね？
parrot,両足全体痛む,手足の痺れですね？
parrot,両足全体ズキズキする,手足の痺れですね？
parrot,両足全体ジンジンする,手足の痺れですね？
parrot,両足全体痺れる,手足の痺れですね？
parrot,両足全体痺れ,手足の痺れですね？
parrot,両足全体動かない,手足の痺れですね？
parrot,両足全体腫れて,手足の痺れですね？
parrot,両足全体締め付けられる,手足の痺れですね？
parrot,両足全体痛み,手足の痺れですね？
parrot,両足全体痺れ,手足の痺れですね？
parrot,両足全体腫れ,手足の痺れですね？
parrot,両足全体締め付け,手足の痺れですね？
parrot,両足全体違和感,手足の痺れですね？
parrot,両足右痛い,手足の痺れですね？
parrot,両足右痛み,手足の痺れですね？
parrot,両足右痛む,手足の痺れですね？
parrot,両足右ズキズキする,手足の痺れですね？
parrot,両足右ジンジンする,手足の痺れですね？
parrot,両足右痺れる,手足の痺れですね？
parrot,両足右痺れ,手足の痺れですね？
parrot,両足右動かない,手足の痺れですね？
parrot,両足右腫れて,手足の痺れですね？
parrot,両足右締め付けられる,手足の痺れですね？
parrot,両足右痛み,手足の痺れですね？
parrot,両足右痺れ,手足の痺れですね？
parrot,両足右腫れ,手足の痺れですね？
parrot,両足右締め付け,手足の痺れですね？
parrot,両足右違和感,手足の痺れですね？
parrot,両足左痛い,手足の痺れですね？
parrot,両足左痛み,手足の痺れですね？
parrot,両足左痛む,手足の痺れですね？
parrot,両足左ズキズキする,手足の痺れですね？
parrot,両足左ジンジンする,手足の痺れですね？
parrot,両足左痺れる,手足の痺れですね？
parrot,両足左痺れ,手足の痺れですね？
parrot,両足左動かない,手足の痺れですね？
parrot,両足左腫れて,手足の痺れですね？
parrot,両足左締め付けられる,手足の痺れですね？
parrot,両足左痛み,手足の痺れですね？
parrot,両足左痺れ,手足の痺れですね？
parrot,両足左腫れ,手足の痺れですね？
parrot,両足左締め付け,手足の痺れですね？
parrot,両足左違和感,手足の痺れですね？
parrot,両足上痛い,手足の痺れですね？
parrot,両足上痛み,手足の痺れですね？
parrot,両足上痛む,手足の痺れですね？
parrot,両足上ズキズキする,手足の痺れですね？
parrot,両足上ジンジンする,手足の痺れですね？
parrot,両足上痺れる,手足の痺れですね？
parrot,両足上痺れ,手足の痺れですね？
parrot,両足上動かない,手足の痺れですね？
parrot,両足上腫れて,手足の痺れですね？
parrot,両足上締め付けられる,手足の痺れですね？
parrot,両足上痛み,手足の痺れですね？
parrot,両足上痺れ,手足の痺れですね？
parrot,両足上腫れ,手足の痺れですね？
parrot,両足上締め付け,手足の痺れですね？
parrot,両足上違和感,手足の痺れですね？
parrot,両足下痛い,手足の痺れですね？
parrot,両足下痛み,手足の痺れですね？
parrot,両足下痛む,手足の痺れですね？
parrot,両足下ズキズキする,手足の痺れですね？
parrot,両足下ジンジンする,手足の痺れですね？
parrot,両足下痺れる,手足の痺れですね？
parrot,両足下痺れ,手足の痺れですね？
parrot,両足下動かない,手足の痺れですね？
parrot,両足下腫れて,手足の痺れですね？
parrot,両足下締め付けられる,手足の痺れですね？
parrot,両足下痛み,手足の痺れですね？
parrot,両足下痺れ,手足の痺れですね？
parrot,両足下腫れ,手足の痺れですね？
parrot,両足下締め付け,手足の痺れですね？
parrot,両足下違和感,手足の痺れですね？
parrot,手足全体痛い,手足の痺れですね？
parrot,手足全体痛み,手足の痺れですね？
parrot,手足全体痛む,手足の痺れですね？
parrot,手足全体ズキズキする,手足の痺れですね？
parrot,手足全体ジンジンする,手足の痺れですね？
parrot,手足全体痺れる,手足の痺れですね？
parrot,手足全体痺れ,手足の痺れですね？
parrot,手足全体動かない,手足の痺れですね？
parrot,手足全体腫れて,手足の痺れですね？
parrot,手足全体締め付けられる,手足の痺れですね？
parrot,手足全体痛み,手足の痺れですね？
parrot,手足全体痺れ,手足の痺れですね？
parrot,手足全体腫れ,手足の痺れですね？
parrot,手足全体締め付け,手足の痺れですね？
parrot,手足全体違和感,手足の痺れですね？
parrot,手足右痛い,手足の痺れですね？
parrot,手足右痛み,手足の痺れですね？
parrot,手足右痛む,手足の痺れですね？
parrot,手足右ズキズキする,手足の痺れですね？
parrot,手足右ジンジンする,手足の痺れですね？
parrot,手足右痺れる,手足の痺れですね？
parrot,手足右痺れ,手足の痺れですね？
parrot,手足右動かない,手足の痺れですね？
parrot,手足右腫れて,手足の痺れですね？
parrot,手足右締め付けられる,手足の痺れですね？
parrot,手足右痛み,手足の痺れですね？
parrot,手足右痺れ,手足の痺れですね？
parrot,手足右腫れ,手足の痺れですね？
parrot,手足右締め付け,手足の痺れですね？
parrot,手足右違和感,手足の痺れですね？
parrot,手足左痛い,手足の痺れですね？
parrot,手足左痛み,手足の痺れですね？
parrot,手足左痛む,手足の痺れですね？
parrot,手足左ズキズキする,手足の痺れですね？
parrot,手足左ジンジンする,手足の痺れですね？
parrot,手足左痺れる,手足の痺れですね？
parrot,手足左痺れ,手足の痺れですね？
parrot,手足左動かない,手足の痺れですね？
parrot,手足左腫れて,手足の痺れですね？
parrot,手足左締め付けられる,手足の痺れですね？
parrot,手足左痛み,手足の痺れですね？
parrot,手足左痺れ,手足の痺れですね？
parrot,手足左腫れ,手足の痺れですね？
parrot,手足左締め付け,手足の痺れですね？
parrot,手足左違和感,手足の痺れですね？
parrot,手足上痛い,手足の痺れですね？
parrot,手足上痛み,手足の痺れですね？
parrot,手足上痛む,手足の痺れですね？
parrot,手足上ズキズキする,手足の痺れですね？
parrot,手足上ジンジンする,手足の痺れですね？
parrot,手足上痺れる,手足の痺れですね？
parrot,手足上痺れ,手足の痺れですね？
parrot,手足上動かない,手足の痺れですね？
parrot,手足上腫れて,手足の痺れですね？
parrot,手足上締め付けられる,手足の痺れですね？
parrot,手足上痛み,手足の痺れですね？
parrot,手足上痺れ,手足の痺れですね？
parrot,手足上腫れ,手足の痺れですね？
parrot,手足上締め付け,手足の痺れですね？
parrot,手足上違和感,手足の痺れですね？
parrot,手足下痛い,手足の痺れですね？
parrot,手足下痛み,手足の痺れですね？
parrot,手足下痛む,手足の痺れですね？
parrot,手足下ズキズキする,手足の痺れですね？
parrot,手足下ジンジンする,手足の痺れですね？
parrot,手足下痺れる,手足の痺れですね？
parrot,手足下痺れ,手足の痺れですね？
parrot,手足下動かない,手足の痺れですね？
parrot,手足下腫れて,手足の痺れですね？
parrot,手足下締め付けられる,手足の痺れですね？
parrot,手足下痛み,手足の痺れですね？
parrot,手足下痺れ,手足の痺れですね？
parrot,手足下腫れ,手足の痺れですね？
parrot,手足下締め付け,手足の痺れですね？
parrot,手足下違和感,手足の痺れですね？
parrot,腕全体痛い,手足の痺れですね？
parrot,腕全体痛み,手足の痺れですね？
parrot,腕全体痛む,手足の痺れですね？
parrot,腕全体ズキズキする,手足の痺れですね？
parrot,腕全体ジンジンする,手足の痺れですね？
parrot,腕全体痺れる,手足の痺れですね？
parrot,腕全体痺れ,手足の痺れですね？
parrot,腕全体動かない,手足の痺れですね？
parrot,腕全体腫れて,手足の痺れですね？
parrot,腕全体締め付けられる,手足の痺れですね？
parrot,腕全体痛み,手足の痺れですね？
parrot,腕全体痺れ,手足の痺れですね？
parrot,腕全体腫れ,手足の痺れですね？
parrot,腕全体締め付け,手足の痺れですね？
parrot,腕全体違和感,手足の痺れですね？
parrot,腕右痛い,手足の痺れですね？
parrot,腕右痛み,手足の痺れですね？
parrot,腕右痛む,手足の痺れですね？
parrot,腕右ズキズキする,手足の痺れですね？
parrot,腕右ジンジンする,手足の痺れですね？
parrot,腕右痺れる,手足の痺れですね？
parrot,腕右痺れ,手足の痺れですね？
parrot,腕右動かない,手足の痺れですね？
parrot,腕右腫れて,手足の痺れですね？
parrot,腕右締め付けられる,手足の痺れですね？
parrot,腕右痛み,手足の痺れですね？
parrot,腕右痺れ,手足の痺れですね？
parrot,腕右腫れ,手足の痺れですね？
parrot,腕右締め付け,手足の痺れですね？
parrot,腕右違和感,手足の痺れですね？
parrot,腕左痛い,手足の痺れですね？
parrot,腕左痛み,手足の痺れですね？
parrot,腕左痛む,手足の痺れですね？
parrot,腕左ズキズキする,手足の痺れですね？
parrot,腕左ジンジンする,手足の痺れですね？
parrot,腕左痺れる,手足の痺れですね？
parrot,腕左痺れ,手足の痺れですね？
parrot,腕左動かない,手足の痺れですね？
parrot,腕左腫れて,手足の痺れですね？
parrot,腕左締め付けられる,手足の痺れですね？
parrot,腕左痛み,手足の痺れですね？
parrot,腕左痺れ,手足の痺れですね？
parrot,腕左腫れ,手足の痺れですね？
parrot,腕左締め付け,手足の痺れですね？
parrot,腕左違和感,手足の痺れですね？
parrot,腕上痛い,手足の痺れですね？
parrot,腕上痛み,手足の痺れですね？
parrot,腕上痛む,手足の痺れですね？
parrot,腕上ズキズキする,手足の痺れですね？
parrot,腕上ジンジンする,手足の痺れですね？
parrot,腕上痺れる,手足の痺れですね？
parrot,腕上痺れ,手足の痺れですね？
parrot,腕上動かない,手足の痺れですね？
parrot,腕上腫れて,手足の痺れですね？
parrot,腕上締め付けられる,手足の痺れですね？
parrot,腕上痛み,手足の痺れですね？
parrot,腕上痺れ,手足の痺れですね？
parrot,腕上腫れ,手足の痺れですね？
parrot,腕上締め付け,手足の痺れですね？
parrot,腕上違和感,手足の痺れですね？
parrot,腕下痛い,手足の痺れですね？
parrot,腕下痛み,手足の痺れですね？
parrot,腕下痛む,手足の痺れですね？
parrot,腕下ズキズキする,手足の痺れですね？
parrot,腕下ジンジンする,手足の痺れですね？
parrot,腕下痺れる,手足の痺れですね？
parrot,腕下痺れ,手足の痺れですね？
parrot,腕下動かない,手足の痺れですね？
parrot,腕下腫れて,手足の痺れですね？
parrot,腕下締め付けられる,手足の痺れですね？
parrot,腕下痛み,手足の痺れですね？
parrot,腕下痺れ,手足の痺れですね？
parrot,腕下腫れ,手足の痺れですね？
parrot,腕下締め付け,手足の痺れですね？
parrot,腕下違和感,手足の痺れですね？
parrot,右腕全体痛い,手足の痺れですね？
parrot,右腕全体痛み,手足の痺れですね？
parrot,右腕全体痛む,手足の痺れですね？
parrot,右腕全体ズキズキする,手足の痺れですね？
parrot,右腕全体ジンジンする,手足の痺れですね？
parrot,右腕全体痺れる,手足の痺れですね？
parrot,右腕全体痺れ,手足の痺れですね？
parrot,右腕全体動かない,手足の痺れですね？
parrot,右腕全体腫れて,手足の痺れですね？
parrot,右腕全体締め付けられる,手足の痺れですね？
parrot,右腕全体痛み,手足の痺れですね？
parrot,右腕全体痺れ,手足の痺れですね？
parrot,右腕全体腫れ,手足の痺れですね？
parrot,右腕全体締め付け,手足の痺れですね？
parrot,右腕全体違和感,手足の痺れですね？
parrot,右腕右痛い,手足の痺れですね？
parrot,右腕右痛み,手足の痺れですね？
parrot,右腕右痛む,手足の痺れですね？
parrot,右腕右ズキズキする,手足の痺れですね？
parrot,右腕右ジンジンする,手足の痺れですね？
parrot,右腕右痺れる,手足の痺れですね？
parrot,右腕右痺れ,手足の痺れですね？
parrot,右腕右動かない,手足の痺れですね？
parrot,右腕右腫れて,手足の痺れですね？
parrot,右腕右締め付けられる,手足の痺れですね？
parrot,右腕右痛み,手足の痺れですね？
parrot,右腕右痺れ,手足の痺れですね？
parrot,右腕右腫れ,手足の痺れですね？
parrot,右腕右締め付け,手足の痺れですね？
parrot,右腕右違和感,手足の痺れですね？
parrot,右腕左痛い,手足の痺れですね？
parrot,右腕左痛み,手足の痺れですね？
parrot,右腕左痛む,手足の痺れですね？
parrot,右腕左ズキズキする,手足の痺れですね？
parrot,右腕左ジンジンする,手足の痺れですね？
parrot,右腕左痺れる,手足の痺れですね？
parrot,右腕左痺れ,手足の痺れですね？
parrot,右腕左動かない,手足の痺れですね？
parrot,右腕左腫れて,手足の痺れですね？
parrot,右腕左締め付けられる,手足の痺れですね？
parrot,右腕左痛み,手足の痺れですね？
parrot,右腕左痺れ,手足の痺れですね？
parrot,右腕左腫れ,手足の痺れですね？
parrot,右腕左締め付け,手足の痺れですね？
parrot,右腕左違和感,手足の痺れですね？
parrot,右腕上痛い,手足の痺れですね？
parrot,右腕上痛み,手足の痺れですね？
parrot,右腕上痛む,手足の痺れですね？
parrot,右腕上ズキズキする,手足の痺れですね？
parrot,右腕上ジンジンする,手足の痺れですね？
parrot,右腕上痺れる,手足の痺れですね？
parrot,右腕上痺れ,手足の痺れですね？
parrot,右腕上動かない,手足の痺れですね？
parrot,右腕上腫れて,手足の痺れですね？
parrot,右腕上締め付けられる,手足の痺れですね？
parrot,右腕上痛み,手足の痺れですね？
parrot,右腕上痺れ,手足の痺れですね？
parrot,右腕上腫れ,手足の痺れですね？
parrot,右腕上締め付け,手足の痺れですね？
parrot,右腕上違和感,手足の痺れですね？
parrot,右腕下痛い,手足の痺れですね？
parrot,右腕下痛み,手足の痺れですね？
parrot,右腕下痛む,手足の痺れですね？
parrot,右腕下ズキズキする,手足の痺れですね？
parrot,右腕下ジンジンする,手足の痺れですね？
parrot,右腕下痺れる,手足の痺れですね？
parrot,右腕下痺れ,手足の痺れですね？
parrot,右腕下動かない,手足の痺れですね？
parrot,右腕下腫れて,手足の痺れですね？
parrot,右腕下締め付けられる,手足の痺れですね？
parrot,右腕下痛み,手足の痺れですね？
parrot,右腕下痺れ,手足の痺れですね？
parrot,右腕下腫れ,手足の痺れですね？
parrot,右腕下締め付け,手足の痺れですね？
parrot,右腕下違和感,手足の痺れですね？
parrot,左腕全体痛い,手足の痺れですね？
parrot,左腕全体痛み,手足の痺れですね？
parrot,左腕全体痛む,手足の痺れですね？
parrot,左腕全体ズキズキする,手足の痺れですね？
parrot,左腕全体ジンジンする,手足の痺れですね？
parrot,左腕全体痺れる,手足の痺れですね？
parrot,左腕全体痺れ,手足の痺れですね？
parrot,左腕全体動かない,手足の痺れですね？
parrot,左腕全体腫れて,手足の痺れですね？
parrot,左腕全体締め付けられる,手足の痺れですね？
parrot,左腕全体痛み,手足の痺れですね？
parrot,左腕全体痺れ,手足の痺れですね？
parrot,左腕全体腫れ,手足の痺れですね？
parrot,左腕全体締め付け,手足の痺れですね？
parrot,左腕全体違和感,手足の痺れですね？
parrot,左腕右痛い,手足の痺れですね？
parrot,左腕右痛み,手足の痺れですね？
parrot,左腕右痛む,手足の痺れですね？
parrot,左腕右ズキズキする,手足の痺れですね？
parrot,左腕右ジンジンする,手足の痺れですね？
parrot,左腕右痺れる,手足の痺れですね？
parrot,左腕右痺れ,手足の痺れですね？
parrot,左腕右動かない,手足の痺れですね？
parrot,左腕右腫れて,手足の痺れですね？
parrot,左腕右締め付けられる,手足の痺れですね？
parrot,左腕右痛み,手足の痺れですね？
parrot,左腕右痺れ,手足の痺れですね？
parrot,左腕右腫れ,手足の痺れですね？
parrot,左腕右締め付け,手足の痺れですね？
parrot,左腕右違和感,手足の痺れですね？
parrot,左腕左痛い,手足の痺れですね？
parrot,左腕左痛み,手足の痺れですね？
parrot,左腕左痛む,手足の痺れですね？
parrot,左腕左ズキズキする,手足の痺れですね？
parrot,左腕左ジンジンする,手足の痺れですね？
parrot,左腕左痺れる,手足の痺れですね？
parrot,左腕左痺れ,手足の痺れですね？
parrot,左腕左動かない,手足の痺れですね？
parrot,左腕左腫れて,手足の痺れですね？
parrot,左腕左締め付けられる,手足の痺れですね？
parrot,左腕左痛み,手足の痺れですね？
parrot,左腕左痺れ,手足の痺れですね？
parrot,左腕左腫れ,手足の痺れですね？
parrot,左腕左締め付け,手足の痺れですね？
parrot,左腕左違和感,手足の痺れですね？
parrot,左腕上痛い,手足の痺れですね？
parrot,左腕上痛み,手足の痺れですね？
parrot,左腕上痛む,手足の痺れですね？
parrot,左腕上ズキズキする,手足の痺れですね？
parrot,左腕上ジンジンする,手足の痺れですね？
parrot,左腕上痺れる,手足の痺れですね？
parrot,左腕上痺れ,手足の痺れですね？
parrot,左腕上動かない,手足の痺れですね？
parrot,左腕上腫れて,手足の痺れですね？
parrot,左腕上締め付けられる,手足の痺れですね？
parrot,左腕上痛み,手足の痺れですね？
parrot,左腕上痺れ,手足の痺れですね？
parrot,左腕上腫れ,手足の痺れですね？
parrot,左腕上締め付け,手足の痺れですね？
parrot,左腕上違和感,手足の痺れですね？
parrot,左腕下痛い,手足の痺れですね？
parrot,左腕下痛み,手足の痺れですね？
parrot,左腕下痛む,手足の痺れですね？
parrot,左腕下ズキズキする,手足の痺れですね？
parrot,左腕下ジンジンする,手足の痺れですね？
parrot,左腕下痺れる,手足の痺れですね？
parrot,左腕下痺れ,手足の痺れですね？
parrot,左腕下動かない,手足の痺れですね？
parrot,左腕下腫れて,手足の痺れですね？
parrot,左腕下締め付けられる,手足の痺れですね？
parrot,左腕下痛み,手足の痺れですね？
parrot,左腕下痺れ,手足の痺れですね？
parrot,左腕下腫れ,手足の痺れですね？
parrot,左腕下締め付け,手足の痺れですね？
parrot,左腕下違和感,手足の痺れですね？
parrot,両腕全体痛い,手足の痺れですね？
parrot,両腕全体痛み,手足の痺れですね？
parrot,両腕全体痛む,手足の痺れですね？
parrot,両腕全体ズキズキする,手足の痺れですね？
parrot,両腕全体ジンジンする,手足の痺れですね？
parrot,両腕全体痺れる,手足の痺れですね？
parrot,両腕全体痺れ,手足の痺れですね？
parrot,両腕全体動かない,手足の痺れですね？
parrot,両腕全体腫れて,手足の痺れですね？
parrot,両腕全体締め付けられる,手足の痺れですね？
parrot,両腕全体痛み,手足の痺れですね？
parrot,両腕全体痺れ,手足の痺れですね？
parrot,両腕全体腫れ,手足の痺れですね？
parrot,両腕全体締め付け,手足の痺れですね？
parrot,両腕全体違和感,手足の痺れですね？
parrot,両腕右痛い,手足の痺れですね？
parrot,両腕右痛み,手足の痺れですね？
parrot,両腕右痛む,手足の痺れですね？
parrot,両腕右ズキズキする,手足の痺れですね？
parrot,両腕右ジンジンする,手足の痺れですね？
parrot,両腕右痺れる,手足の痺れですね？
parrot,両腕右痺れ,手足の痺れですね？
parrot,両腕右動かない,手足の痺れですね？
parrot,両腕右腫れて,手足の痺れですね？
parrot,両腕右締め付けられる,手足の痺れですね？
parrot,両腕右痛み,手足の痺れですね？
parrot,両腕右痺れ,手足の痺れですね？
parrot,両腕右腫れ,手足の痺れですね？
parrot,両腕右締め付け,手足の痺れですね？
parrot,両腕右違和感,手足の痺れですね？
parrot,両腕左痛い,手足の痺れですね？
parrot,両腕左痛み,手足の痺れですね？
parrot,両腕左痛む,手足の痺れですね？
parrot,両腕左ズキズキする,手足の痺れですね？
parrot,両腕左ジンジンする,手足の痺れですね？
parrot,両腕左痺れる,手足の痺れですね？
parrot,両腕左痺れ,手足の痺れですね？
parrot,両腕左動かない,手足の痺れですね？
parrot,両腕左腫れて,手足の痺れですね？
parrot,両腕左締め付けられる,手足の痺れですね？
parrot,両腕左痛み,手足の痺れですね？
parrot,両腕左痺れ,手足の痺れですね？
parrot,両腕左腫れ,手足の痺れですね？
parrot,両腕左締め付け,手足の痺れですね？
parrot,両腕左違和感,手足の痺れですね？
parrot,両腕上痛い,手足の痺れですね？
parrot,両腕上痛み,手足の痺れですね？
parrot,両腕上痛む,手足の痺れですね？
parrot,両腕上ズキズキする,手足の痺れですね？
parrot,両腕上ジンジンする,手足の痺れですね？
parrot,両腕上痺れる,手足の痺れですね？
parrot,両腕上痺れ,手足の痺れですね？
parrot,両腕上動かない,手足の痺れですね？
parrot,両腕上腫れて,手足の痺れですね？
parrot,両腕上締め付けられる,手足の痺れですね？
parrot,両腕上痛み,手足の痺れですね？
parrot,両腕上痺れ,手足の痺れですね？
parrot,両腕上腫れ,手足の痺れですね？
parrot,両腕上締め付け,手足の痺れですね？
parrot,両腕上違和感,手足の痺れですね？
parrot,両腕下痛い,手足の痺れですね？
parrot,両腕下痛み,手足の痺れですね？
parrot,両腕下痛む,手足の痺れですね？
parrot,両腕下ズキズキする,手足の痺れですね？
parrot,両腕下ジンジンする,手足の痺れですね？
parrot,両腕下痺れる,手足の痺れですね？
parrot,両腕下痺れ,手足の痺れですね？
parrot,両腕下動かない,手足の痺れですね？
parrot,両腕下腫れて,手足の痺れですね？
parrot,両腕下締め付けられる,手足の痺れですね？
parrot,両腕下痛み,手足の痺れですね？
parrot,両腕下痺れ,手足の痺れですね？
parrot,両腕下腫れ,手足の痺れですね？
parrot,両腕下締め付け,手足の痺れですね？
parrot,両腕下違和感,手足の痺れですね？
parrot,背中全体痛い,背中の痛みですね？
parrot,背中全体痛み,背中の痛みですね？
parrot,背中全体痛む,背中の痛みですね？
parrot,背中全体ズキズキする,背中の痛みですね？
parrot,背中全体ジンジンする,背中の痛みですね？
parrot,背中全体痺れる,背中の痛みですね？
parrot,背中全体痺れ,背中の痛みですね？
parrot,背中全体動かない,背中の痛みですね？
parrot,背中全体腫れて,背中の痛みですね？
parrot,背中全体締め付けられる,背中の痛みですね？
parrot,背中全体痛み,背中の痛みですね？
parrot,背中全体痺れ,背中の痛みですね？
parrot,背中全体腫れ,背中の痛みですね？
parrot,背中全体締め付け,背中の痛みですね？
parrot,背中全体違和感,背中の痛みですね？
parrot,背中右痛い,背中の痛みですね？
parrot,背中右痛み,背中の痛みですね？
parrot,背中右痛む,背中の痛みですね？
parrot,背中右ズキズキする,背中の痛みですね？
parrot,背中右ジンジンする,背中の痛みですね？
parrot,背中右痺れる,背中の痛みですね？
parrot,背中右痺れ,背中の痛みですね？
parrot,背中右動かない,背中の痛みですね？
parrot,背中右腫れて,背中の痛みですね？
parrot,背中右締め付けられる,背中の痛みですね？
parrot,背中右痛み,背中の痛みですね？
parrot,背中右痺れ,背中の痛みですね？
parrot,背中右腫れ,背中の痛みですね？
parrot,背中右締め付け,背中の痛みですね？
parrot,背中右違和感,背中の痛みですね？
parrot,背中左痛い,背中の痛みですね？
parrot,背中左痛み,背中の痛みですね？
parrot,背中左痛む,背中の痛みですね？
parrot,背中左ズキズキする,背中の痛みですね？
parrot,背中左ジンジンする,背中の痛みですね？
parrot,背中左痺れる,背中の痛みですね？
parrot,背中左痺れ,背中の痛みですね？
parrot,背中左動かない,背中の痛みですね？
parrot,背中左腫れて,背中の痛みですね？
parrot,背中左締め付けられる,背中の痛みですね？
parrot,背中左痛み,背中の痛みですね？
parrot,背中左痺れ,背中の痛みですね？
parrot,背中左腫れ,背中の痛みですね？
parrot,背中左締め付け,背中の痛みですね？
parrot,背中左違和感,背中の痛みですね？
parrot,背中上痛い,背中の痛みですね？
parrot,背中上痛み,背中の痛みですね？
parrot,背中上痛む,背中の痛みですね？
parrot,背中上ズキズキする,背中の痛みですね？
parrot,背中上ジンジンする,背中の痛みですね？
parrot,背中上痺れる,背中の痛みですね？
parrot,背中上痺れ,背中の痛みですね？
parrot,背中上動かない,背中の痛みですね？
parrot,背中上腫れて,背中の痛みですね？
parrot,背中上締め付けられる,背中の痛みですね？
parrot,背中上痛み,背中の痛みですね？
parrot,背中上痺れ,背中の痛みですね？
parrot,背中上腫れ,背中の痛みですね？
parrot,背中上締め付け,背中の痛みですね？
parrot,背中上違和感,背中の痛みですね？
parrot,背中下痛い,背中の痛みですね？
parrot,背中下痛み,背中の痛みですね？
parrot,背中下痛む,背中の痛みですね？
parrot,背中下ズキズキする,背中の痛みですね？
parrot,背中下ジンジンする,背中の痛みですね？
parrot,背中下痺れる,背中の痛みですね？
parrot,背中下痺れ,背中の痛みですね？
parrot,背中下動かない,背中の痛みですね？
parrot,背中下腫れて,背中の痛みですね？
parrot,背中下締め付けられる,背中の痛みですね？
parrot,背中下痛み,背中の痛みですね？
parrot,背中下痺れ,背中の痛みですね？
parrot,背中下腫れ,背中の痛みですね？
parrot,背中下締め付け,背中の痛みですね？
parrot,背中下違和感,背中の痛みですね？
parrot,後ろ全体痛い,背中の痛みですね？
parrot,後ろ全体痛み,背中の痛みですね？
parrot,後ろ全体痛む,背中の痛みですね？
parrot,後ろ全体ズキズキする,背中の痛みですね？
parrot,後ろ全体ジンジンする,背中の痛みですね？
parrot,後ろ全体痺れる,背中の痛みですね？
parrot,後ろ全体痺れ,背中の痛みですね？
parrot,後ろ全体動かない,背中の痛みですね？
parrot,後ろ全体腫れて,背中の痛みですね？
parrot,後ろ全体締め付けられる,背中の痛みですね？
parrot,後ろ全体痛み,背中の痛みですね？
parrot,後ろ全体痺れ,背中の痛みですね？
parrot,後ろ全体腫れ,背中の痛みですね？
parrot,後ろ全体締め付け,背中の痛みですね？
parrot,後ろ全体違和感,背中の痛みですね？
parrot,後ろ右痛い,背中の痛みですね？
parrot,後ろ右痛み,背中の痛みですね？
parrot,後ろ右痛む,背中の痛みですね？
parrot,後ろ右ズキズキする,背中の痛みですね？
parrot,後ろ右ジンジンする,背中の痛みですね？
parrot,後ろ右痺れる,背中の痛みですね？
parrot,後ろ右痺れ,背中の痛みですね？
parrot,後ろ右動かない,背中の痛みですね？
parrot,後ろ右腫れて,背中の痛みですね？
parrot,後ろ右締め付けられる,背中の痛みですね？
parrot,後ろ右痛み,背中の痛みですね？
parrot,後ろ右痺れ,背中の痛みですね？
parrot,後ろ右腫れ,背中の痛みですね？
parrot,後ろ右締め付け,背中の痛みですね？
parrot,後ろ右違和感,背中の痛みですね？
parrot,後ろ左痛い,背中の痛みですね？
parrot,後ろ左痛み,背中の痛みですね？
parrot,後ろ左痛む,背中の痛みですね？
parrot,後ろ左ズキズキする,背中の痛みですね？
parrot,後ろ左ジンジンする,背中の痛みですね？
parrot,後ろ左痺れる,背中の痛みですね？
parrot,後ろ左痺れ,背中の痛みですね？
parrot,後ろ左動かない,背中の痛みですね？
parrot,後ろ左腫れて,背中の痛みですね？
parrot,後ろ左締め付けられる,背中の痛みですね？
parrot,後ろ左痛み,背中の痛みですね？
parrot,後ろ左痺れ,背中の痛みですね？
parrot,後ろ左腫れ,背中の痛みですね？
parrot,後ろ左締め付け,背中の痛みですね？
parrot,後ろ左違和感,背中の痛みですね？
parrot,後ろ上痛い,背中の痛みですね？
parrot,後ろ上痛み,背中の痛みですね？
parrot,後ろ上痛む,背中の痛みですね？
parrot,後ろ上ズキズキする,背中の痛みですね？
parrot,後ろ上ジンジンする,背中の痛みですね？
parrot,後ろ上痺れる,背中の痛みですね？
parrot,後ろ上痺れ,背中の痛みですね？
parrot,後ろ上動かない,背中の痛みですね？
parrot,後ろ上腫れて,背中の痛みですね？
parrot,後ろ上締め付けられる,背中の痛みですね？
parrot,後ろ上痛み,背中の痛みですね？
parrot,後ろ上痺れ,背中の痛みですね？
parrot,後ろ上腫れ,背中の痛みですね？
parrot,後ろ上締め付け,背中の痛みですね？
parrot,後ろ上違和感,背中の痛みですね？
parrot,後ろ下痛い,背中の痛みですね？
parrot,後ろ下痛み,背中の痛みですね？
parrot,後ろ下痛む,背中の痛みですね？
parrot,後ろ下ズキズキする,背中の痛みですね？
parrot,後ろ下ジンジンする,背中の痛みですね？
parrot,後ろ下痺れる,背中の痛みですね？
parrot,後ろ下痺れ,背中の痛みですね？
parrot,後ろ下動かない,背中の痛みですね？
parrot,後ろ下腫れて,背中の痛みですね？
parrot,後ろ下締め付けられる,背中の痛みですね？
parrot,後ろ下痛み,背中の痛みですね？
parrot,後ろ下痺れ,背中の痛みですね？
parrot,後ろ下腫れ,背中の痛みですね？
parrot,後ろ下締め付け,背中の痛みですね？
parrot,後ろ下違和感,背中の痛みですね？
parrot,頭痛がする,頭の痛みですね？
parrot,腹痛がする,お腹の痛みですね？
parrot,呼吸ができない,呼吸についてですね？
parrot,呼吸がしづらい,呼吸についてですね？
parrot,息が苦しい,呼吸についてですね？
parrot,息ができない,呼吸についてですね？
parrot,息がしづらい,呼吸についてですね？
parrot,息が苦しい,呼吸についてですね？
parrot,息切れがする,呼吸についてですね？
parrot,ゼーゼーする,呼吸についてですね？
parrot,咳が出る,咳についてですね？
parrot,咳が止まらない,咳についてですね？
parrot,痰が出る,咳についてですね？
parrot,ゴホゴホする,咳についてですね？
parrot,コンコンする,咳についてですね？
parrot,胸焼けがする,胸焼けについてですね？
parrot,胃がムカムカする,胸焼けについてですね？
